url,date_publication,titre_article,piece,drop_date,list_price,editions,total_editions,rarity,edition_type,first_edition_public_sale,license,brand,series,artist,cover_variants,published,available,autres
https://medium.com/veve-collectibles/batman-black-white-series-3-e86f9fa5d016,2020-12-22,Batman Black & White — Series 3,VeVeFollow,,$59.99,"7,500",,Common,First Appearance,,,,,Bruce Timm,,,Globally,
https://medium.com/veve-collectibles/batman-black-white-series-3-e86f9fa5d016,2020-12-22,Batman Black & White — Series 3,VeVeFollow,,$29.99,"5,500",,Uncommon,,,,,,Dick Sprang,,,Globally,
https://medium.com/veve-collectibles/batman-black-white-series-3-e86f9fa5d016,2020-12-22,Batman Black & White — Series 3,VeVeFollow,,$39.99,"3,250",,Rare,First Appearance,,,,,Brian Bollard,,,Globally,
https://medium.com/veve-collectibles/batman-black-white-series-3-e86f9fa5d016,2020-12-22,Batman Black & White — Series 3,VeVeFollow,,$49.99,"1,750",,Ultra-Rare,,,,,,Amanda Conner,,,Globally,
https://medium.com/veve-collectibles/adventure-time-series-1-250479f5eb90,2020-12-22,Adventure Time — Series 1,Adventure Time — Series 1,,12.99,"7,500",,Common,First Appearance,,,,,,,,China,
https://medium.com/veve-collectibles/adventure-time-series-1-250479f5eb90,2020-12-22,Adventure Time — Series 1,Adventure Time — Series 1,,$14.99,"5,500",,Uncommon,First Appearance,,,,,,,,China,
https://medium.com/veve-collectibles/adventure-time-series-1-250479f5eb90,2020-12-22,Adventure Time — Series 1,Adventure Time — Series 1,,$14.99,"3,250",,Rare,First Appearance,,,,,,,,China,
https://medium.com/veve-collectibles/adventure-time-series-1-250479f5eb90,2020-12-22,Adventure Time — Series 1,Adventure Time — Series 1,,$15.99,"1,750",,Ultra-Rare,First Appearance,,,,,,,,China,
https://medium.com/veve-collectibles/batman-black-white-series-1-3dd423480d9,2020-12-22,Batman Black & White — Series 1,VeVeFollow,,,"7,500",,Common,First Appearance,,,,,Todd McFarlane,,,Globally,
https://medium.com/veve-collectibles/batman-black-white-series-1-3dd423480d9,2020-12-22,Batman Black & White — Series 1,VeVeFollow,,,"5,500",,Uncommon,First Edition,,,,,Joe Madureira,,,Globally,
https://medium.com/veve-collectibles/batman-black-white-series-1-3dd423480d9,2020-12-22,Batman Black & White — Series 1,VeVeFollow,,,"1,750",,Ultra Rare,First Edition,,,,,Eduardo Risso,,,Globally,
https://medium.com/veve-collectibles/batman-black-white-series-1-3dd423480d9,2020-12-22,Batman Black & White — Series 1,VeVeFollow,,,"3,250",,Rare,First Edition,,,,,Becky Cloonan,,,Globally,
https://medium.com/veve-collectibles/dc-bbombshells-big-barda-3b32bb0fb41,2020-12-22,DC Bombshells — Big Barda,This is the FIRST APPEARANCE of Big Barda in premium digital format.,,$49.99,"1,044",,Rare,First Appearance,,,,,Ant Lucia,,,Globally,
https://medium.com/veve-collectibles/adventure-time-series-2-a1890074e52b,2020-12-25,Adventure Time — Series 2,VeVeFollow,24 Dec 2020,$14.99,"7,500",,Common,First Appearance,,Cartoon Network,Adventure Time,Adventure Time S2,,,,,"{""Name"": ""BMO""}"
https://medium.com/veve-collectibles/adventure-time-series-2-a1890074e52b,2020-12-25,Adventure Time — Series 2,VeVeFollow,24 Dec 2020,$14.99,"5,500",,Uncommon,First Appearance,,Cartoon Network,Adventure Time,Adventure Time S2,,,,,"{""Name"": ""Princess Bubblegum""}"
https://medium.com/veve-collectibles/adventure-time-series-2-a1890074e52b,2020-12-25,Adventure Time — Series 2,VeVeFollow,24 Dec 2020,$15.99,"1,750",,Ultra-Rare,First Appearance,,Cartoon Network,Adventure Time,Adventure Time S2,,,,,"{""Name"": ""Lady Rainicorn""}"
https://medium.com/veve-collectibles/adventure-time-series-2-a1890074e52b,2020-12-25,Adventure Time — Series 2,VeVeFollow,24 Dec 2020,$15.99,"3,250",,Rare,First Appearance,,Cartoon Network,Adventure Time,Adventure Time S2,,,,,"{""Name"": ""Lumpy Space Princess""}"
https://medium.com/veve-collectibles/batman-black-white-series-2-7eef9420ded0,2020-12-25,Batman Black & White — Series 2,VeVeFollow,,$79.99,"7,500",,Common,First Appearance,,,,,Jim Lee,,,Globally,
https://medium.com/veve-collectibles/batman-black-white-series-2-7eef9420ded0,2020-12-25,Batman Black & White — Series 2,VeVeFollow,,$59.99,"1,750",,Ultra-Rare,First Appearance,,,,,Carmine Infantino,,,Globally,
https://medium.com/veve-collectibles/batman-black-white-series-2-7eef9420ded0,2020-12-25,Batman Black & White — Series 2,VeVeFollow,,$39.99,"5,500",,Uncommon,,,,,,Jason Fabok,,,Globally,
https://medium.com/veve-collectibles/batman-black-white-series-2-7eef9420ded0,2020-12-25,Batman Black & White — Series 2,VeVeFollow,,$49.99,"3,250",,Rare,,,,,,Dick Sprang,,,Globally,
https://medium.com/veve-collectibles/veve-bug-bounty-59541c23d812,2021-01-03,VeVe: Bug Bounty,Bug Types,,,,,,,,,,,,,,,"{""Bugs are classified into three categories"": """", ""Level 1"": ""Superficial or Visual bugs e.g. missing image or spelling mistake"", ""Level 2"": ""App not working as intended e.g. cannot share a photo to the Feed"", ""Level 3"": ""Showstoppers e.g. app crashes or on-screen error is displayed""}"
https://medium.com/veve-collectibles/veve-bug-bounty-59541c23d812,2021-01-03,VeVe: Bug Bounty,Bug Type Rewards,,,,,,,,,,,,,,,"{""Level 1"": ""10 Gems"", ""Level 2"": ""25 Gems"", ""Level 3"": ""50 Gems""}"
https://medium.com/veve-collectibles/powerpuff-girls-series-2-f61c8d4f30e5,2021-01-06,Powerpuff Girls — Series 2,VeVeFollow,7 Jan 2020,$12.99,600,,Common,First Appearance,,Cartoon Network,Powerpuff Girls,Series 2,,,,,
https://medium.com/veve-collectibles/powerpuff-girls-series-2-f61c8d4f30e5,2021-01-06,Powerpuff Girls — Series 2,VeVeFollow,7 Jan 2020,$12.99,450,,Uncommon,First Appearance,,Cartoon Network,Powerpuff Girls,Series 2,,,,,
https://medium.com/veve-collectibles/powerpuff-girls-series-2-f61c8d4f30e5,2021-01-06,Powerpuff Girls — Series 2,VeVeFollow,7 Jan 2020,$14.99,300,,Rare,First Appearance,,Cartoon Network,Powerpuff Girls,Series 2,,,,,
https://medium.com/veve-collectibles/powerpuff-girls-series-2-f61c8d4f30e5,2021-01-06,Powerpuff Girls — Series 2,VeVeFollow,7 Jan 2020,$15.99,150,,Ultra-Rare,First Appearance,,Cartoon Network,Powerpuff Girls,Series 2,,,,,
https://medium.com/veve-collectibles/powerpuff-girls-series-1-2dd2ca0ccdfc,2021-01-06,Powerpuff Girls — Series 1,This series of your favorite supergirl trio is now available for the first time ever in premium digital format!,,$12.99,"5,000",,Common,First Appearance,,,,,,,,China,
https://medium.com/veve-collectibles/powerpuff-girls-series-1-2dd2ca0ccdfc,2021-01-06,Powerpuff Girls — Series 1,This series of your favorite supergirl trio is now available for the first time ever in premium digital format!,,$14.99,"3,000",,Rare,First Appearance,,,,,,,,China,
https://medium.com/veve-collectibles/powerpuff-girls-series-1-2dd2ca0ccdfc,2021-01-06,Powerpuff Girls — Series 1,This series of your favorite supergirl trio is now available for the first time ever in premium digital format!,,$12.99,"4,000",,Uncommon,First Appearance,,,,,,,,China,
https://medium.com/veve-collectibles/powerpuff-girls-series-1-2dd2ca0ccdfc,2021-01-06,Powerpuff Girls — Series 1,This series of your favorite supergirl trio is now available for the first time ever in premium digital format!,,$15.99,"1,750",,Ultra-Rare,First Appearance,,,,,,,,China,
https://medium.com/veve-collectibles/dc-bombshells-starfire-cd90032f0c4c,2021-01-07,DC Bombshells — Starfire,VeVeFollow,7 Jan 2020,US$49.99,"1,052",,Rare,First Appearance,,DC Direct,DC Cover Girls,Starfire,,,,Globally,"{""Name"": ""Starfire""}"
https://medium.com/veve-collectibles/tokidoki-unicorno-series-1-513b354960fb,2021-01-11,tokidoki: Unicorno - Series 1,Bellina,,$16.99,"2,500",,Rare,First Appearance,,tokidoki,Unicorno,1,Simone Legno,,,,"{""Name"": ""Bellina""}"
https://medium.com/veve-collectibles/tokidoki-unicorno-series-1-513b354960fb,2021-01-11,tokidoki: Unicorno - Series 1,Dolce,,$12.99,"5,500",,Common,First Appearance,,tokidoki,Unicorno,1,Simone Legno,,,,"{""Name"": ""Dolce""}"
https://medium.com/veve-collectibles/tokidoki-unicorno-series-1-513b354960fb,2021-01-11,tokidoki: Unicorno - Series 1,Fumo,,$14.99,"3,500",,Uncommon,First Appearance,,tokidoki,Unicorno,1,Simone Legno,,,,"{""Name"": ""Fumo""}"
https://medium.com/veve-collectibles/tokidoki-unicorno-series-1-513b354960fb,2021-01-11,tokidoki: Unicorno - Series 1,Metallo,,$16.99,"2,500",,Rare,First Appearance,,tokidoki,Unicorno,1,Simone Legno,,,,"{""Name"": ""Metallo""}"
https://medium.com/veve-collectibles/tokidoki-unicorno-series-1-513b354960fb,2021-01-11,tokidoki: Unicorno - Series 1,Mooka,,$12.99,"5,500",,Common,First Appearance,,tokidoki,Unicorno,1,Simone Legno,,,,"{""Name"": ""Mooka""}"
https://medium.com/veve-collectibles/tokidoki-unicorno-series-1-513b354960fb,2021-01-11,tokidoki: Unicorno - Series 1,Peperino,,$14.99,"3,500",,Uncommon,First Appearance,,tokidoki,Unicorno,1,Simone Legno,,,,"{""Name"": ""Peperino""}"
https://medium.com/veve-collectibles/tokidoki-unicorno-series-1-513b354960fb,2021-01-11,tokidoki: Unicorno - Series 1,Pogo,,$14.99,"3,500",,Uncommon,First Appearance,,tokidoki,Unicorno,1,Simone Legno,,,,"{""Name"": ""Pogo""}"
https://medium.com/veve-collectibles/tokidoki-unicorno-series-1-513b354960fb,2021-01-11,tokidoki: Unicorno - Series 1,Prima Donna,,$12.99,"5,500",,Common,First Appearance,,tokidoki,Unicorno,1,Simone Legno,,,,"{""Name"": ""Prima Donna""}"
https://medium.com/veve-collectibles/tokidoki-unicorno-series-1-513b354960fb,2021-01-11,tokidoki: Unicorno - Series 1,Ritmo,,$18.99,"1,500",,Ultra-Rare,First Appearance,,tokidoki,Unicorno,1,Simone Legno,,,,"{""Name"": ""Ritmo""}"
https://medium.com/veve-collectibles/tokidoki-unicorno-series-1-513b354960fb,2021-01-11,tokidoki: Unicorno - Series 1,Stellina,,$12.99,"5,500",,Common,First Appearance,,tokidoki,Unicorno,1,Simone Legno,,,,"{""Name"": ""Stellina""}"
https://medium.com/veve-collectibles/collecting-2-0-digital-collectibles-c83b7d9241b3,2021-01-18,Collecting 2.0 — Digital Collectibles,VeVe offers fans and collectors three types of digital collectible:,,,,,,,,,,,,,,,"{""Static"": ""like a Batman Black & White statue"", ""Animated"": ""think a monster from Monser Hunter doing its death move"", ""Interactive"": ""controllable as in drive your DeLorean digital collectible around, in AR, like it was a radio control car.""}"
https://medium.com/veve-collectibles/ghostbusters-series-1-fdd53ad256c1,2021-01-27,Ghostbusters: Series 1,Stay Puft Marshmallow Man,28 Jan 2021,$24.99,"3,750",,Uncommon,First Appearance,,Ghost Corp,Ghostbusters 1,1,,,,,"{""Name"": ""Stay Puft Marshmallow Man""}"
https://medium.com/veve-collectibles/ghostbusters-series-1-fdd53ad256c1,2021-01-27,Ghostbusters: Series 1,Ghostbusters Logo ‘Mooglie’,28 Jan 2021,$12.99,"2,400",,Rare,First Appearance,,Ghost Corp,Ghostbusters 1,1,,,,,"{""Name"": ""Mooglie (Ghostbusters Logo)""}"
https://medium.com/veve-collectibles/ghostbusters-series-1-fdd53ad256c1,2021-01-27,Ghostbusters: Series 1,Slimer,TBC,$19.99,"5,500",,Common,First Appearance,,Ghost Corp,Ghostbusters 1,1,,,,,"{""Name"": ""Slimer""}"
https://medium.com/veve-collectibles/ghostbusters-series-1-fdd53ad256c1,2021-01-27,Ghostbusters: Series 1,Ghost Trap,TBC,$34.99,"1,750",,Ultra-Rare,First Appearance,,Ghost Corp,Ghostbusters 1,1,,,,,"{""Name"": ""Ghost Trap""}"
https://medium.com/veve-collectibles/new-features-coming-to-veve-in-q1-2bcfe3d41eb6,2021-02-03,VeVe: Q1 App Features,Decorate Showrooms with Accessories,,,,,,,,,,,,,,,"{""Displays"": ""shelves pedestals, plinths, stands, vitrines, partitions"", ""Nature"": ""plants, rocks, scenery"", ""Urban"": ""dumpsters, fences, walls, buildings"", ""Indoor"": ""lights, plants, furniture""}"
https://medium.com/veve-collectibles/harley-quinn-red-black-white-390097b2ef10,2021-02-10,"Harley Quinn: Red, Black & White — Series 1",Harley Quinn — #18 Guillem March,11 Feb 2021,39.00,"2,500",,Uncommon,First Edition,,DC,"Harley Quinn: Red, Black & White",1,Guillem March,,,,"{""Name"": ""Harley Quinn — #18""}"
https://medium.com/veve-collectibles/harley-quinn-red-black-white-390097b2ef10,2021-02-10,"Harley Quinn: Red, Black & White — Series 1",Harley Quinn — #19 Steve Pugh,11 Feb 2021,69.00,500,,Ultra-Rare,First Edition,,DC,"Harley Quinn: Red, Black & White",1,Steve Pugh,,,,"{""Name"": ""Harley Quinn — #19""}"
https://medium.com/veve-collectibles/harley-quinn-red-black-white-390097b2ef10,2021-02-10,"Harley Quinn: Red, Black & White — Series 1",Harley Quinn — #06 Terry Dodson,11 Feb 2021,59.00,750,,Rare,First Edition,,DC,"Harley Quinn: Red, Black & White",1,Terry Dodson,,,,"{""Name"": ""Harley Quinn — #06""}"
https://medium.com/veve-collectibles/harley-quinn-red-black-white-390097b2ef10,2021-02-10,"Harley Quinn: Red, Black & White — Series 1",Harley Quinn — #08 Babs Tarr,11 Feb 2021,39.00,"2,500",,Uncommon,First Edition,,DC,"Harley Quinn: Red, Black & White",1,Babs Tarr,,,,"{""Name"": ""Harley Quinn — #08""}"
https://medium.com/veve-collectibles/digital-collectibles-coming-to-veve-q1-21-3cf0517ea62e,2021-02-14,Digital Collectibles Coming to VeVe Q1-21!,medium.com,,,,,,,,,,,,,,,"{""Monster Hunter"": ""World is the first release from Capcom to hit the VeVe app, and with more than 16 million copies sold worldwide, this online fantasy/action RPG has amassed a cult following the world over with gamers, collectors and hobbyists alike."", ""In Monster Hunter"": ""World players assume the role of a hunter who ‘seeks and slays ferocious beasts in heart-pounding battles.’ Players can complete quests solo, or join in multi-player/cooperative scenarios and can play cross-platform with releases now available on consoles (PlayStation and Xbox) as well as PC.""}"
https://medium.com/veve-collectibles/dc-comics-batman-black-and-white-series-4-af7084a2926d,2021-03-10,DC Comics: Batman Black and White— Series 4,This is the FIRST APPEARANCE of the Nightwing character in premium digital format.,11 Mar 2021,$89.99,"1,850",,Ultra-Rare,First Appearance,,DC,Batman Black and White,4,Jim Lee,,,,"{""Name"": ""Nightwing — #79""}"
https://medium.com/veve-collectibles/dc-comics-batman-black-and-white-series-4-af7084a2926d,2021-03-10,DC Comics: Batman Black and White— Series 4,Batman Black and White #57 Jae Lee Batman,11 Mar 2021,$59.99,"3,250",,Rare,,,DC,Batman Black and White,4,Jae Lee,,,,"{""Name"": ""Batman — #57""}"
https://medium.com/veve-collectibles/dc-comics-batman-black-and-white-series-4-af7084a2926d,2021-03-10,DC Comics: Batman Black and White— Series 4,Batman Black and White #55 Gary Frank Batman,11 Mar 2021,$49.99,"5,500",,Uncommon,,,DC,Batman Black and White,4,Gary Frank,,,,"{""Name"": ""Batman — #55""}"
https://medium.com/veve-collectibles/dc-comics-batman-black-and-white-series-4-af7084a2926d,2021-03-10,DC Comics: Batman Black and White— Series 4,Batman Black and White #42 Darwyn Cooke Batman,11 Mar 2021,$39.99,"9,000",,Common,,,DC,Batman Black and White,4,Darwyn Cooke,,,,"{""Name"": ""Batman — #42""}"
https://medium.com/veve-collectibles/veve-launching-carbon-neutral-nfts-announces-7m-usd-grants-to-environmental-nonprofits-d212671f5f84,2021-03-18,"VeVe Launching Carbon Neutral NFTs, Announces ~7M USD Grants to Environmental Nonprofits",The VeVe Digital Collectible app is available on both iOS and Android.,,,,,,,,,,,,,,,"{""Learn more"": ""https://VeVe.me"", ""Join VeVe on Discord"": ""https://discord.gg/GpHyzkQxtP""}"
https://medium.com/veve-collectibles/ultraman-anime-series-1-203f71fa24ea,2021-03-24,Ultraman Anime — Series 1,Ultraman,25 March 2021,39.99,"9,500",,Common,First Appearance,,Tsuburaya,Ultraman Anime,1,,,,Globally — outside of Japan and Mainland China,
https://medium.com/veve-collectibles/ultraman-anime-series-1-203f71fa24ea,2021-03-24,Ultraman Anime — Series 1,Ultraman Seven,25 March 2021,49.99,"6,500",,Uncommon,First Appearance,,Tsuburaya,Ultraman Anime,1,,,,Globally — outside of Japan and Mainland China,
https://medium.com/veve-collectibles/ultraman-anime-series-1-203f71fa24ea,2021-03-24,Ultraman Anime — Series 1,Ultraman Ace,25 March 2021,59.99,"3,500",,Rare,First Appearance,,Tsuburaya,Ultraman Anime,1,,,,Globally — outside of Japan and Mainland China,
https://medium.com/veve-collectibles/ultraman-anime-series-1-203f71fa24ea,2021-03-24,Ultraman Anime — Series 1,Edo,25 March 2021,89.99,"1,950",,Ultra-Rare,First Appearance,,Tsuburaya,Ultraman Anime,1,,,,Globally — outside of Japan and Mainland China,
https://medium.com/veve-collectibles/tokidoki-mermicorno-series-1-99897303bab4,2021-03-31,tokidoki: Mermicorno — Series 1,Sirena,06 April 2021,$12.99,"9,000",,Common,First Appearance,,tokidoki,Mermicorno,1,,,,Globally,
https://medium.com/veve-collectibles/tokidoki-mermicorno-series-1-99897303bab4,2021-03-31,tokidoki: Mermicorno — Series 1,Cora,06 April 2021,$12.99,"9,000",,Common,First Appearance,,tokidoki,Mermicorno,1,,,,Globally,
https://medium.com/veve-collectibles/tokidoki-mermicorno-series-1-99897303bab4,2021-03-31,tokidoki: Mermicorno — Series 1,Gelatina,06 April 2021,$12.99,"9,000",,Common,First Appearance,,tokidoki,Mermicorno,1,,,,Globally,
https://medium.com/veve-collectibles/tokidoki-mermicorno-series-1-99897303bab4,2021-03-31,tokidoki: Mermicorno — Series 1,Oceania,06 April 2021,$12.99,"9,000",,Common,First Appearance,,tokidoki,Mermicorno,1,,,,Globally,
https://medium.com/veve-collectibles/tokidoki-mermicorno-series-1-99897303bab4,2021-03-31,tokidoki: Mermicorno — Series 1,Marina,06 April 2021,$14.99,"6,000",,Uncommon,First Appearance,,tokidoki,Mermicorno,1,,,,Globally,
https://medium.com/veve-collectibles/tokidoki-mermicorno-series-1-99897303bab4,2021-03-31,tokidoki: Mermicorno — Series 1,Perla,06 April 2021,$14.99,"6,000",,Uncommon,First Appearance,,tokidoki,Mermicorno,1,,,,Globally,
https://medium.com/veve-collectibles/tokidoki-mermicorno-series-1-99897303bab4,2021-03-31,tokidoki: Mermicorno — Series 1,Marea,06 April 2021,$14.99,"6,000",,Uncommon,First Appearance,,tokidoki,Mermicorno,1,,,,Globally,
https://medium.com/veve-collectibles/tokidoki-mermicorno-series-1-99897303bab4,2021-03-31,tokidoki: Mermicorno — Series 1,Tropicana,06 April 2021,16.99,"5,000",,Rare,First Appearance,,tokidoki,Mermicorno,1,,,,Globally,
https://medium.com/veve-collectibles/tokidoki-mermicorno-series-1-99897303bab4,2021-03-31,tokidoki: Mermicorno — Series 1,Corsica,06 April 2021,18.99,"3,500",,Ultra Rare,First Appearance,,tokidoki,Mermicorno,1,,,,Globally,
https://medium.com/veve-collectibles/the-delorean-time-machine-nfts-847086272497,2021-04-07,The DeLorean Time Machine Digital Collectible NFT,This is the FIRST APPEARANCE of this collectible in premium digital non-fungible token (NFT) format.,08 April 2021,$99.99,"12,500",,Ultra-Rare,First Appearance,,Universal Pictures,Back to the Future,DeLorean Time Machine — S1,,,,Globally,
https://medium.com/veve-collectibles/the-delorean-time-machine-nfts-847086272497,2021-04-07,The DeLorean Time Machine Digital Collectible NFT,This is the FIRST APPEARANCE of this collectible in premium non-fungible token (NFT) digital format.,08 April 2021,$69.99,"25,000",,Rare,First Appearance,,Universal Pictures,Back to the Future,DeLorean Time Machine — S1,,,,Globally,
https://medium.com/veve-collectibles/the-delorean-time-machine-nfts-847086272497,2021-04-07,The DeLorean Time Machine Digital Collectible NFT,This is the FIRST APPEARANCE of this collectible in premium digital non-fungible token (NFT) format.,08 April 2021,$29.99,"50,000",,Common,First Appearance,,Universal Pictures,Back to the Future,DeLorean Time Machine — S1,,,,Globally,
https://medium.com/veve-collectibles/veve-2fa-account-security-c80dace517c5,2021-04-17,VeVe: 2FA Account Security,The VeVe Digital Collectible app is available on both iOS and Android.,,,,,,,,,,,,,,,"{""Learn more"": ""https://VeVe.me"", ""Join VeVe on Discord"": ""https://discord.gg/GpHyzkQxtP""}"
https://medium.com/veve-collectibles/the-rise-of-ultraman-series-1-2744259511a,2021-04-21,The Rise of Ultraman- Series #1,The Rise of Ultraman- Alex Ross,22 April 2021,39.99,"7,800",,Common,,,Tsuburaya,Ultraman,The Rise of Ultraman — S1,,,,Globally — outside of Japan and Mainland China,"{""Name"": ""The Rise of Ultraman #1 — Alex Ross""}"
https://medium.com/veve-collectibles/the-rise-of-ultraman-series-1-2744259511a,2021-04-21,The Rise of Ultraman- Series #1,The Rise of Ultraman- Ed McGuinness,22 April 2021,39.99,"7,800",,Common,,,Tsuburaya,Ultraman,The Rise of Ultraman — S1,,,,Globally — outside of Japan and Mainland China,"{""Name"": ""The Rise of Ultraman #1 — Ed McGuinness""}"
https://medium.com/veve-collectibles/the-rise-of-ultraman-series-1-2744259511a,2021-04-21,The Rise of Ultraman- Series #1,The Rise of Ultraman- Yuji Kaida,22 April 2021,49.99,"5,800",,Uncommon,,,Tsuburaya,Ultraman,The Rise of Ultraman — S1,,,,Globally — outside of Japan and Mainland China,"{""Name"": ""The Rise of Ultraman #1 — Yuji Kaida""}"
https://medium.com/veve-collectibles/the-rise-of-ultraman-series-1-2744259511a,2021-04-21,The Rise of Ultraman- Series #1,The Rise of Ultraman- Skottie Young,22 April 2021,49.99,"5,800",,Uncommon,,,Tsuburaya,Ultraman,The Rise of Ultraman — S1,,,,Globally — outside of Japan and Mainland China,"{""Name"": ""The Rise of Ultraman #1 — Skottie Young""}"
https://medium.com/veve-collectibles/the-rise-of-ultraman-series-1-2744259511a,2021-04-21,The Rise of Ultraman- Series #1,The Rise of Ultraman- Adi Granov,22 April 2021,59.99,"4,800",,Rare,,,Tsuburaya,Ultraman,The Rise of Ultraman — S1,,,,Globally — outside of Japan and Mainland China,"{""Name"": ""The Rise of Ultraman #1 — Adi Granov""}"
https://medium.com/veve-collectibles/the-rise-of-ultraman-series-1-2744259511a,2021-04-21,The Rise of Ultraman- Series #1,The Rise of Ultraman- Olivier Coipel,TBD,69.99,"4,500",,Ultra-Rare,,,Tsuburaya,Ultraman,The Rise of Ultraman — S1,,,,Globally — outside of Japan and Mainland China,"{""Name"": ""The Rise of Ultraman #1 — Olivier Coipel""}"
https://medium.com/veve-collectibles/the-rise-of-ultraman-series-1-2744259511a,2021-04-21,The Rise of Ultraman- Series #1,The Rise of Ultraman- John Tyler Christopher,22 April 2021,1.00,"3,800",,Secret-Rare,,,Tsuburaya,Ultraman,The Rise of Ultraman — S1,,,,Globally — outside of Japan and Mainland China,"{""Name"": ""The Rise of Ultraman #1 — John Tyler Christopher""}"
https://medium.com/veve-collectibles/the-rise-of-ultraman-series-1-1702b8b23bae,2021-04-21,The Rise of Ultraman — Series 1,The Rise of Ultraman- Alex Ross,22 April 2021,39.99,"7,800",,Common,,,Tsuburaya,Ultraman,The Rise of Ultraman — S1,,,,Globally — outside of Japan and Mainland China,"{""Name"": ""The Rise of Ultraman #1 — Alex Ross""}"
https://medium.com/veve-collectibles/the-rise-of-ultraman-series-1-1702b8b23bae,2021-04-21,The Rise of Ultraman — Series 1,The Rise of Ultraman- Ed McGuinness,22 April 2021,39.99,"7,800",,Common,,,Tsuburaya,Ultraman,The Rise of Ultraman — S1,,,,Globally — outside of Japan and Mainland China,"{""Name"": ""The Rise of Ultraman #1 — Ed McGuinness""}"
https://medium.com/veve-collectibles/the-rise-of-ultraman-series-1-1702b8b23bae,2021-04-21,The Rise of Ultraman — Series 1,The Rise of Ultraman- Yuji Kaida,22 April 2021,49.99,"5,800",,Uncommon,,,Tsuburaya,Ultraman,The Rise of Ultraman — S1,,,,Globally — outside of Japan and Mainland China,"{""Name"": ""The Rise of Ultraman #1 — Yuji Kaida""}"
https://medium.com/veve-collectibles/the-rise-of-ultraman-series-1-1702b8b23bae,2021-04-21,The Rise of Ultraman — Series 1,The Rise of Ultraman- Skottie Young,22 April 2021,49.99,"5,800",,Uncommon,,,Tsuburaya,Ultraman,The Rise of Ultraman — S1,,,,Globally — outside of Japan and Mainland China,"{""Name"": ""The Rise of Ultraman #1 — Skottie Young""}"
https://medium.com/veve-collectibles/the-rise-of-ultraman-series-1-1702b8b23bae,2021-04-21,The Rise of Ultraman — Series 1,The Rise of Ultraman- Adi Granov,22 April 2021,59.99,"4,800",,Rare,,,Tsuburaya,Ultraman,The Rise of Ultraman — S1,,,,Globally — outside of Japan and Mainland China,"{""Name"": ""The Rise of Ultraman #1 — Adi Granov""}"
https://medium.com/veve-collectibles/the-rise-of-ultraman-series-1-1702b8b23bae,2021-04-21,The Rise of Ultraman — Series 1,The Rise of Ultraman- Olivier Coipel,TBD,69.99,"4,500",,Ultra-Rare,,,Tsuburaya,Ultraman,The Rise of Ultraman — S1,,,,Globally — outside of Japan and Mainland China,"{""Name"": ""The Rise of Ultraman #1 — Olivier Coipel""}"
https://medium.com/veve-collectibles/the-rise-of-ultraman-series-1-1702b8b23bae,2021-04-21,The Rise of Ultraman — Series 1,The Rise of Ultraman- John Tyler Christopher,22 April 2021,1.00,"3,800",,Secret-Rare,,,Tsuburaya,Ultraman,The Rise of Ultraman — S1,,,,Globally — outside of Japan and Mainland China,"{""Name"": ""The Rise of Ultraman #1 — John Tyler Christopher""}"
https://medium.com/veve-collectibles/cryptozoic-cryptkins-series-1-c9a7dd586fc3,2021-05-05,Cryptozoic Cryptkins- Series 1,Bigfoot,6 May,6.99,"9,000",,Common,First Appearance,,Cryptozoic,Cryptkins,1,,,,Globally,"{""Full-grown height/weight"": ""Unknown, but legends peg him at up to 10 feet tall"", ""Lifespan"": ""Unknown"", ""Diet"": ""Omnivore who prefers elk, fruit, and vegetables"", ""Population"": ""Unknown"", ""Habitat and Range"": ""Pacific Northwest"", ""Name"": ""Bigfoot""}"
https://medium.com/veve-collectibles/cryptozoic-cryptkins-series-1-c9a7dd586fc3,2021-05-05,Cryptozoic Cryptkins- Series 1,Chupacabra (choo-pah-kah-brah),6 May,6.99,"9,000",,Common,First Appearance,,Cryptozoic,Cryptkins,1,,,,Globally,"{""Full-grown height/weight"": ""Unknown, but past sightings suggest the size of a small bear"", ""Lifespan"": ""Unknown"", ""Diet"": ""Carnivore who prefers goats, deer, rabbits, etc."", ""Population"": ""Unknown"", ""Habitat and Range"": ""North, Central, and South America and the Caribbean"", ""Name"": ""Chupacabra""}"
https://medium.com/veve-collectibles/cryptozoic-cryptkins-series-1-c9a7dd586fc3,2021-05-05,Cryptozoic Cryptkins- Series 1,Nessie,6 May,6.99,"9,000",,Common,First Appearance,,Cryptozoic,Cryptkins,1,,,,Globally,"{""Full-grown height/weight"": ""Unknown, but legends suggest she may share DNA with some large dinosaurs"", ""Lifespan"": ""Unknown"", ""Diet"": ""Omnivore who prefers salmon, sturgeon, minnows, and varieties of zooplankton"", ""Population"": ""Unknown"", ""Habitat and Range"": ""Loch Ness lake in Scotland"", ""Name"": ""Nessie""}"
https://medium.com/veve-collectibles/cryptozoic-cryptkins-series-1-c9a7dd586fc3,2021-05-05,Cryptozoic Cryptkins- Series 1,Yeti (yet-ee),6 May,6.99,"9,000",,Common,First Appearance,,Cryptozoic,Cryptkins,1,,,,Globally,"{""Full-grown height/weight"": ""Unknown, but folklore pegs him as taller than the average man"", ""Lifespan"": ""Unknown"", ""Diet"": ""Omnivore, but prefers meat, especially sheep and goats"", ""Population"": ""Unknown"", ""Habitat and Range"": ""Himalayan region of Nepal, Bhutan, and Tibet"", ""Name"": ""Yeti""}"
https://medium.com/veve-collectibles/cryptozoic-cryptkins-series-1-c9a7dd586fc3,2021-05-05,Cryptozoic Cryptkins- Series 1,Cthulhu (ka-thoo-loo),6 May,7.99,"6,000",,Uncommon,First Appearance,,Cryptozoic,Cryptkins,1,,,,Globally,"{""Full-grown height/weight"": ""Unknown, but there are legends about his impossibly enormous size"", ""Lifespan"": ""Unknown, possibly immortal"", ""Diet"": ""Omnivore who will eat pretty much anything and everything"", ""Population"": ""Unknown"", ""Habitat and Range"": ""Under the Pacific Ocean, the cosmos"", ""Name"": ""Cthulhu""}"
https://medium.com/veve-collectibles/cryptozoic-cryptkins-series-1-c9a7dd586fc3,2021-05-05,Cryptozoic Cryptkins- Series 1,Jersey Devil,6 May,7.99,"6,000",,Uncommon,First Appearance,,Cryptozoic,Cryptkins,1,,,,Globally,"{""Full-grown height/weight"": ""Unknown, but local legend describes him as about six feet tall"", ""Lifespan"": ""Unknown"", ""Diet"": ""Carnivore who prefers livestock, especially chickens"", ""Population"": ""Unknown"", ""Habitat and Range"": ""Pine Barrens of Southern New Jersey"", ""Name"": ""Jersey Devil""}"
https://medium.com/veve-collectibles/cryptozoic-cryptkins-series-1-c9a7dd586fc3,2021-05-05,Cryptozoic Cryptkins- Series 1,Mothman,6 May,7.99,"6,000",,Uncommon,First Appearance,,Cryptozoic,Cryptkins,1,,,,Globally,"{""Full-grown height/weight"": ""Unknown, but folklore suggests a wingspan of 10 feet"", ""Lifespan"": ""Unknown"", ""Diet"": ""Carnivore"", ""Population"": ""Unknown"", ""Habitat and Range"": ""Point Pleasant, West Virginia"", ""Name"": ""Mothman""}"
https://medium.com/veve-collectibles/cryptozoic-cryptkins-series-1-c9a7dd586fc3,2021-05-05,Cryptozoic Cryptkins- Series 1,Twilight Mothman,6 May,7.99,"6,000",,Uncommon,First Appearance,,Cryptozoic,Cryptkins,1,,,,Globally,"{""Full-grown height/weight"": ""Unknown, but past accounts suggest between 4 feet and 12 feet tall"", ""Lifespan"": ""Unknown"", ""Diet"": ""Carnivore"", ""Population"": ""Unknown"", ""Habitat and Range"": ""New England"", ""Name"": ""Twilight Mothman""}"
https://medium.com/veve-collectibles/cryptozoic-cryptkins-series-1-c9a7dd586fc3,2021-05-05,Cryptozoic Cryptkins- Series 1,Ogopogo (oh-go-po-go),6 May,9.99,"4,000",,Rare,First Appearance,,Cryptozoic,Cryptkins,1,,,,Globally,"{""Full-grown height/weight"": ""Unknown, but past sightings suggest up to 50 feet long"", ""Lifespan"": ""Unknown"", ""Diet"": ""Omnivore who prefers lake animals and plants"", ""Population"": ""Unknown"", ""Habitat and Range"": ""Okanagan Lake in Canada"", ""Name"": ""Ogopogo""}"
https://medium.com/veve-collectibles/cryptozoic-cryptkins-series-1-c9a7dd586fc3,2021-05-05,Cryptozoic Cryptkins- Series 1,Thunderbird,6 May,9.99,"4,000",,Rare,First Appearance,,Cryptozoic,Cryptkins,1,,,,Globally,"{""Full-grown height/weight"": ""Unknown, but folklore describes his wingspan as anywhere from 12 feet to a width comparable to that of a small passenger plane"", ""Lifespan"": ""Unknown"", ""Diet"": ""Carnivore who prefers insects, snakes, and (according to legend) whales"", ""Population"": ""Unknown"", ""Habitat and Range"": ""North America"", ""Name"": ""Thunderbird""}"
https://medium.com/veve-collectibles/cryptozoic-cryptkins-series-1-c9a7dd586fc3,2021-05-05,Cryptozoic Cryptkins- Series 1,Nightcrawler,6 May,9.99,"4,000",,Rare,First Appearance,,Cryptozoic,Cryptkins,1,,,,Globally,"{""Full-grown height/weight"": ""Unknown, but eyewitness accounts describe him as about four feet tall"", ""Lifespan"": ""Unknown"", ""Diet"": ""Given his lack of a mouth, it’s a mystery as to what — and how — he eats"", ""Population"": ""Unknown"", ""Habitat and Range"": ""Fresno, California and Yosemite National Park"", ""Name"": ""Nightcrawler""}"
https://medium.com/veve-collectibles/cryptozoic-cryptkins-series-1-c9a7dd586fc3,2021-05-05,Cryptozoic Cryptkins- Series 1,Cosmic Cthulhu (koz-mik ka-thoo-loo),6 May,14.99,"2,800",,Ultra Rare,First Appearance,,Cryptozoic,Cryptkins,1,,,,Globally,"{""Full-grown height/weight"": ""Unknown, but you have probably heard stories about his gigantic size"", ""Lifespan"": ""Unknown, possibly immortal"", ""Diet"": ""Omnivore who will eat anything you put in front of him, even if it’s not technically edible"", ""Population"": ""Unknown, but you can be sure he is exceedingly rare"", ""Habitat and Range"": ""Under the Pacific Ocean, anywhere in the cosmos"", ""Name"": ""Cosmic Cthulu""}"
https://medium.com/veve-collectibles/cryptozoic-cryptkins-series-1-c9a7dd586fc3,2021-05-05,Cryptozoic Cryptkins- Series 1,Midnight Chupacabra,TBA,14.99,"2,800",,Ultra Rare,First Appearance,,Cryptozoic,Cryptkins,1,,,,Globally,"{""Full-grown height/weight"": ""Unknown, but past sightings suggest the size of a small bear"", ""Lifespan"": ""Unknown"", ""Diet"": ""Carnivore who prefers goats, deer, rabbits, etc."", ""Population"": ""Unknown"", ""Habitat and Range"": ""North, Central, and South America and the Caribbean"", ""Name"": ""Midnight Chupacabra""}"
https://medium.com/veve-collectibles/cryptozoic-cryptkins-series-1-c06964571386,2021-05-05,Cryptozoic Cryptkins- Series 1,Bigfoot,6 May,6.99,"9,000",,Common,First Appearance,,Cryptozoic,Cryptkins,1,,,,Globally,"{""Full-grown height/weight"": ""Unknown, but legends peg him at up to 10 feet tall"", ""Lifespan"": ""Unknown"", ""Diet"": ""Omnivore who prefers elk, fruit, and vegetables"", ""Population"": ""Unknown"", ""Habitat and Range"": ""Pacific Northwest"", ""Name"": ""Bigfoot""}"
https://medium.com/veve-collectibles/cryptozoic-cryptkins-series-1-c06964571386,2021-05-05,Cryptozoic Cryptkins- Series 1,Chupacabra (choo-pah-kah-brah),6 May,6.99,"9,000",,Common,First Appearance,,Cryptozoic,Cryptkins,1,,,,Globally,"{""Full-grown height/weight"": ""Unknown, but past sightings suggest the size of a small bear"", ""Lifespan"": ""Unknown"", ""Diet"": ""Carnivore who prefers goats, deer, rabbits, etc."", ""Population"": ""Unknown"", ""Habitat and Range"": ""North, Central, and South America and the Caribbean"", ""Name"": ""Chupacabra""}"
https://medium.com/veve-collectibles/cryptozoic-cryptkins-series-1-c06964571386,2021-05-05,Cryptozoic Cryptkins- Series 1,Nessie,6 May,6.99,"9,000",,Common,First Appearance,,Cryptozoic,Cryptkins,1,,,,Globally,"{""Full-grown height/weight"": ""Unknown, but legends suggest she may share DNA with some large dinosaurs"", ""Lifespan"": ""Unknown"", ""Diet"": ""Omnivore who prefers salmon, sturgeon, minnows, and varieties of zooplankton"", ""Population"": ""Unknown"", ""Habitat and Range"": ""Loch Ness lake in Scotland"", ""Name"": ""Nessie""}"
https://medium.com/veve-collectibles/cryptozoic-cryptkins-series-1-c06964571386,2021-05-05,Cryptozoic Cryptkins- Series 1,Yeti (yet-ee),6 May,6.99,"9,000",,Common,First Appearance,,Cryptozoic,Cryptkins,1,,,,Globally,"{""Full-grown height/weight"": ""Unknown, but folklore pegs him as taller than the average man"", ""Lifespan"": ""Unknown"", ""Diet"": ""Omnivore, but prefers meat, especially sheep and goats"", ""Population"": ""Unknown"", ""Habitat and Range"": ""Himalayan region of Nepal, Bhutan, and Tibet"", ""Name"": ""Yeti""}"
https://medium.com/veve-collectibles/cryptozoic-cryptkins-series-1-c06964571386,2021-05-05,Cryptozoic Cryptkins- Series 1,Cthulhu (ka-thoo-loo),6 May,7.99,"6,000",,Uncommon,First Appearance,,Cryptozoic,Cryptkins,1,,,,Globally,"{""Full-grown height/weight"": ""Unknown, but there are legends about his impossibly enormous size"", ""Lifespan"": ""Unknown, possibly immortal"", ""Diet"": ""Omnivore who will eat pretty much anything and everything"", ""Population"": ""Unknown"", ""Habitat and Range"": ""Under the Pacific Ocean, the cosmos"", ""Name"": ""Cthulhu""}"
https://medium.com/veve-collectibles/cryptozoic-cryptkins-series-1-c06964571386,2021-05-05,Cryptozoic Cryptkins- Series 1,Jersey Devil,6 May,7.99,"6,000",,Uncommon,First Appearance,,Cryptozoic,Cryptkins,1,,,,Globally,"{""Full-grown height/weight"": ""Unknown, but local legend describes him as about six feet tall"", ""Lifespan"": ""Unknown"", ""Diet"": ""Carnivore who prefers livestock, especially chickens"", ""Population"": ""Unknown"", ""Habitat and Range"": ""Pine Barrens of Southern New Jersey"", ""Name"": ""Jersey Devil""}"
https://medium.com/veve-collectibles/cryptozoic-cryptkins-series-1-c06964571386,2021-05-05,Cryptozoic Cryptkins- Series 1,Mothman,6 May,7.99,"6,000",,Uncommon,First Appearance,,Cryptozoic,Cryptkins,1,,,,Globally,"{""Full-grown height/weight"": ""Unknown, but folklore suggests a wingspan of 10 feet"", ""Lifespan"": ""Unknown"", ""Diet"": ""Carnivore"", ""Population"": ""Unknown"", ""Habitat and Range"": ""Point Pleasant, West Virginia"", ""Name"": ""Mothman""}"
https://medium.com/veve-collectibles/cryptozoic-cryptkins-series-1-c06964571386,2021-05-05,Cryptozoic Cryptkins- Series 1,Twilight Mothman,6 May,7.99,"6,000",,Uncommon,First Appearance,,Cryptozoic,Cryptkins,1,,,,Globally,"{""Full-grown height/weight"": ""Unknown, but past accounts suggest between 4 feet and 12 feet tall"", ""Lifespan"": ""Unknown"", ""Diet"": ""Carnivore"", ""Population"": ""Unknown"", ""Habitat and Range"": ""New England"", ""Name"": ""Twilight Mothman""}"
https://medium.com/veve-collectibles/cryptozoic-cryptkins-series-1-c06964571386,2021-05-05,Cryptozoic Cryptkins- Series 1,Ogopogo (oh-go-po-go),6 May,9.99,"4,000",,Rare,First Appearance,,Cryptozoic,Cryptkins,1,,,,Globally,"{""Full-grown height/weight"": ""Unknown, but past sightings suggest up to 50 feet long"", ""Lifespan"": ""Unknown"", ""Diet"": ""Omnivore who prefers lake animals and plants"", ""Population"": ""Unknown"", ""Habitat and Range"": ""Okanagan Lake in Canada"", ""Name"": ""Ogopogo""}"
https://medium.com/veve-collectibles/cryptozoic-cryptkins-series-1-c06964571386,2021-05-05,Cryptozoic Cryptkins- Series 1,Thunderbird,6 May,9.99,"4,000",,Rare,First Appearance,,Cryptozoic,Cryptkins,1,,,,Globally,"{""Full-grown height/weight"": ""Unknown, but folklore describes his wingspan as anywhere from 12 feet to a width comparable to that of a small passenger plane"", ""Lifespan"": ""Unknown"", ""Diet"": ""Carnivore who prefers insects, snakes, and (according to legend) whales"", ""Population"": ""Unknown"", ""Habitat and Range"": ""North America"", ""Name"": ""Thunderbird""}"
https://medium.com/veve-collectibles/cryptozoic-cryptkins-series-1-c06964571386,2021-05-05,Cryptozoic Cryptkins- Series 1,Nightcrawler,6 May,9.99,"4,000",,Rare,First Appearance,,Cryptozoic,Cryptkins,1,,,,Globally,"{""Full-grown height/weight"": ""Unknown, but eyewitness accounts describe him as about four feet tall"", ""Lifespan"": ""Unknown"", ""Diet"": ""Given his lack of a mouth, it’s a mystery as to what — and how — he eats"", ""Population"": ""Unknown"", ""Habitat and Range"": ""Fresno, California and Yosemite National Park"", ""Name"": ""Nightcrawler""}"
https://medium.com/veve-collectibles/cryptozoic-cryptkins-series-1-c06964571386,2021-05-05,Cryptozoic Cryptkins- Series 1,Cosmic Cthulhu (koz-mik ka-thoo-loo),6 May,14.99,"2,800",,Ultra Rare,First Appearance,,Cryptozoic,Cryptkins,1,,,,Globally,"{""Full-grown height/weight"": ""Unknown, but you have probably heard stories about his gigantic size"", ""Lifespan"": ""Unknown, possibly immortal"", ""Diet"": ""Omnivore who will eat anything you put in front of him, even if it’s not technically edible"", ""Population"": ""Unknown, but you can be sure he is exceedingly rare"", ""Habitat and Range"": ""Under the Pacific Ocean, anywhere in the cosmos"", ""Name"": ""Cosmic Cthulu""}"
https://medium.com/veve-collectibles/cryptozoic-cryptkins-series-1-c06964571386,2021-05-05,Cryptozoic Cryptkins- Series 1,Midnight Chupacabra,TBA,14.99,"2,800",,Ultra Rare,First Appearance,,Cryptozoic,Cryptkins,1,,,,Globally,"{""Full-grown height/weight"": ""Unknown, but past sightings suggest the size of a small bear"", ""Lifespan"": ""Unknown"", ""Diet"": ""Carnivore who prefers goats, deer, rabbits, etc."", ""Population"": ""Unknown"", ""Habitat and Range"": ""North, Central, and South America and the Caribbean"", ""Name"": ""Midnight Chupacabra""}"
https://medium.com/veve-collectibles/simone-legno-tokidoki-dragon-girl-d2d94dd3a5e4,2021-05-12,Simone Legno- tokidoki- Dragon Girl,Dragon Girl — Gold / Pink,13 May,49.99,"6,888",,Common,First Appearance,,tokidoki,Dragon Girl,1,,,,Globally,
https://medium.com/veve-collectibles/simone-legno-tokidoki-dragon-girl-d2d94dd3a5e4,2021-05-12,Simone Legno- tokidoki- Dragon Girl,Dragon Girl — Silver / Black,13 May,59.99,"4,888",,Uncommon,First Appearance,,tokidoki,Dragon Girl,1,,,,Globally,
https://medium.com/veve-collectibles/simone-legno-tokidoki-dragon-girl-d2d94dd3a5e4,2021-05-12,Simone Legno- tokidoki- Dragon Girl,Dragon Girl — Silver,13 May,89.99,"1,888",,Rare,First Appearance,,tokidoki,Dragon Girl,1,,,,Globally,
https://medium.com/veve-collectibles/simone-legno-tokidoki-dragon-girl-d2d94dd3a5e4,2021-05-12,Simone Legno- tokidoki- Dragon Girl,Dragon Girl — Silver / Gold,13 May,99.99,888,,Ultra Rare,First Appearance,,tokidoki,Dragon Girl,1,,,,Globally,
https://medium.com/veve-collectibles/batman-black-and-white-series-5-8dd7ddcf5b77,2021-05-19,Batman Black and White — Series 5,#89 Batman,20 May 2021,39.99,"16,800",,Common,,,DC,Batman Black & White,5,,,,Globally,"{""Ripped from the pages of DARK KNIGHTS"": ""METAL comes the Batman Who Laughs, a striking version of the Caped Crusader who makes nightmares shudder, designed by Greg Capullo."", ""Name"": ""#89 Batman""}"
https://medium.com/veve-collectibles/batman-black-and-white-series-5-8dd7ddcf5b77,2021-05-19,Batman Black and White — Series 5,#71 Batman,20 May 2021,49.99,"12,800",,Uncommon,,,DC,Batman Black & White,5,,,,Globally,"{""Name"": ""#71 Batman""}"
https://medium.com/veve-collectibles/batman-black-and-white-series-5-8dd7ddcf5b77,2021-05-19,Batman Black and White — Series 5,#76 Robin,20 May 2021,59.99,"6,800",,Rare,,,DC,Batman Black & White,5,,,,Globally,"{""Name"": ""#76 Robin""}"
https://medium.com/veve-collectibles/batman-black-and-white-series-5-8dd7ddcf5b77,2021-05-19,Batman Black and White — Series 5,#06 Batman,20 May 2021,89.99,"3,800",,Ultra Rare,,,DC,Batman Black & White,5,,,,Globally,"{""Name"": ""#06 Batman""}"
https://medium.com/veve-collectibles/dc-cover-girls-series-1-c37f14a378ad,2021-05-26,DC Cover Girls — Series 1,"This dynamic version of Batgirl, by Joëlle Jones, captures the energy and expression of this iconic heroine.",27 May 2021,39.99,"13,800",,Common,First Appearance,,DC,Cover Girls,1,,,,Globally,"{""Name"": ""Batgirl""}"
https://medium.com/veve-collectibles/dc-cover-girls-series-1-c37f14a378ad,2021-05-26,DC Cover Girls — Series 1,Catwoman,27 May 2021,49.99,"10,800",,Uncommon,First Appearance,,DC,Cover Girls,1,,,,Globally,"{""Name"": ""Catwoman""}"
https://medium.com/veve-collectibles/dc-cover-girls-series-1-c37f14a378ad,2021-05-26,DC Cover Girls — Series 1,Mera,27 May 2021,59.99,"6,800",,Rare,First Appearance,,DC,Cover Girls,1,,,,Globally,"{""Name"": ""Mera""}"
https://medium.com/veve-collectibles/dc-cover-girls-series-1-c37f14a378ad,2021-05-26,DC Cover Girls — Series 1,Supergirl,27 May 2021,89.99,"3,800",,Ultra-Rare,First Appearance,,DC,Cover Girls,1,,,,Globally,"{""Name"": ""Supergirl""}"
https://medium.com/veve-collectibles/superman-series-1-761dd368ebd0,2021-06-16,Superman — Series 1,VeVe is excited to offer this FIRST APPEARANCE of Superman in premium digital format.,17 June 2021,50,"8,888",,Uncommon,First Appearance,,DC,Superman,1,,,,Globally,
https://medium.com/veve-collectibles/givenchy-beauty-pride-5d645185b89b,2021-06-19,Givenchy Beauty — Pride,Pride — Givenchy Beauty,21 June 2021,100.00,"1,952",,Rare,First Edition,,Givenchy,Rewind Collective,1,,,,Globally,
https://medium.com/veve-collectibles/givenchy-beauty-pride-5d645185b89b,2021-06-19,Givenchy Beauty — Pride,House of Cards is our series depicting the courageous and powerful women throughout history who shaped the world.,21 June 2021,50.00,999,,Ultra-Rare,First Edition,,Givenchy,Rewind Collective,1,,,,Globally,
https://medium.com/veve-collectibles/givenchy-beauty-pride-5d645185b89b,2021-06-19,Givenchy Beauty — Pride,House of Cards is our series depicting the courageous and powerful women throughout history who shaped the world.,21 June 2021,50.00,999,,Ultra-Rare,First Edition,,Givenchy,Rewind Collective,1,,,,Globally,
https://medium.com/veve-collectibles/givenchy-beauty-pride-5d645185b89b,2021-06-19,Givenchy Beauty — Pride,Rewind Collective Logo,21 June 2021,50.00,"1,978",,Uncommon,First Edition,,Givenchy,Rewind Collective,1,,,,Globally,
https://medium.com/veve-collectibles/dc-bombshells-series-2-9758ef8f6fe1,2021-06-23,DC Bombshells — Series 2,"Modelled after the original art by Emanuela Lupacchino, this is a must-have for any Harley fan.",24 June 2021,60.00,"6,666",,Rare,,,DC,DC Bombshells,2,,,,Globally,
https://medium.com/veve-collectibles/dc-bombshells-series-2-9758ef8f6fe1,2021-06-23,DC Bombshells — Series 2,Death,24 June 2021,90.00,"2,666",,Ultra-Rare,First Appearance,,DC,DC Bombshells,2,,,,Globally,
https://medium.com/veve-collectibles/frank-kozik-labbits-series-1-6fa417214787,2021-06-30,Frank Kozik Labbits— Series 1,This is the FIRST APPEARANCE of this character in premium digital format and is available globally only on VeVe.,1 July 2021,25.00,"3,888",,Common,First Edition,,Frank Kozik,Labbit,1,,,,Globally,
https://medium.com/veve-collectibles/frank-kozik-labbits-series-1-6fa417214787,2021-06-30,Frank Kozik Labbits— Series 1,This is the FIRST APPEARANCE of this character in premium digital format and is available globally only on VeVe.,1 July 2021,25.00,"3,888",,Uncommon,First Edition,,Frank Kozik,Labbit,1,,,,Globally,
https://medium.com/veve-collectibles/frank-kozik-labbits-series-1-6fa417214787,2021-06-30,Frank Kozik Labbits— Series 1,This is the FIRST APPEARANCE of this character in premium digital format and is available globally only on VeVe.,1 July 2021,30.00,"2,888",,Uncommon,First Edition,,Frank Kozik,Labbit,1,,,,Globally,
https://medium.com/veve-collectibles/frank-kozik-labbits-series-1-6fa417214787,2021-06-30,Frank Kozik Labbits— Series 1,This is the FIRST APPEARANCE of this character in premium digital format and is available globally only on VeVe.,1 July 2021,35.00,"1,888",,Rare,First Edition,,Frank Kozik,Labbit,1,,,,Globally,
https://medium.com/veve-collectibles/frank-kozik-labbits-series-1-6fa417214787,2021-06-30,Frank Kozik Labbits— Series 1,This is the FIRST APPEARANCE of this character in premium digital format and is available globally only on VeVe.,1 July 2021,35.00,"1,888",,Rare,First Edition,,Frank Kozik,Labbit,1,,,,Globally,
https://medium.com/veve-collectibles/frank-kozik-labbits-series-1-6fa417214787,2021-06-30,Frank Kozik Labbits— Series 1,This is the FIRST APPEARANCE of this character in premium digital format and is available globally only on VeVe.,1 July 2021,40.00,888,,Ultra Rare,First Edition,,Frank Kozik,Labbit,1,,,,Globally,
https://medium.com/veve-collectibles/back-to-the-future-part-ii-hoverboards-series-1-428bc2378e6f,2021-06-30,Back to the Future Part II Hoverboards — Series 1,This is the FIRST APPEARANCE of this character in premium digital format and is available globally only on VeVe.,1 July 2021,13.00,"7,777",,Common,First Appearance,,Universal,Back to the Future Part II,1,,,,Globally,
https://medium.com/veve-collectibles/back-to-the-future-part-ii-hoverboards-series-1-428bc2378e6f,2021-06-30,Back to the Future Part II Hoverboards — Series 1,This is the FIRST APPEARANCE of this character in premium digital format and is available globally only on VeVe.,1 July 2021,13.00,"7,777",,Common,First Appearance,,Universal,Back to the Future Part II,1,,,,Globally,
https://medium.com/veve-collectibles/back-to-the-future-part-ii-hoverboards-series-1-428bc2378e6f,2021-06-30,Back to the Future Part II Hoverboards — Series 1,This is the FIRST APPEARANCE of this character in premium digital format and is available globally only on VeVe.,1 July 2021,14.00,"5,555",,Uncommon,First Appearance,,Universal,Back to the Future Part II,1,,,,Globally,
https://medium.com/veve-collectibles/back-to-the-future-part-ii-hoverboards-series-1-428bc2378e6f,2021-06-30,Back to the Future Part II Hoverboards — Series 1,This is the FIRST APPEARANCE of this character in premium digital format and is available globally only on VeVe.,1 July 2021,16.00,"4,444",,Rare,First Appearance,,Universal,Back to the Future Part II,1,,,,Globally,
https://medium.com/veve-collectibles/back-to-the-future-part-ii-hoverboards-series-1-428bc2378e6f,2021-06-30,Back to the Future Part II Hoverboards — Series 1,This is the FIRST APPEARANCE of this character in premium digital format and is available globally only on VeVe.,1 July 2021,20.00,"3,333",,Ultra Rare,First Appearance,,Universal,Back to the Future Part II,1,,,,Globally,
https://medium.com/veve-collectibles/ghostbusters-ecto-1-eef9d503a2c7,2021-07-14,Ghostbusters: Ecto-1,"TM & © 2020 Columbia Pictures Industries, Inc. All Rights Reserved.",17July 2021,40.00,"9,999",,Common,First Appearance,,Sony,Ghostbusters,Ecto-1,,,,Globally,
https://medium.com/veve-collectibles/ghostbusters-ecto-1-eef9d503a2c7,2021-07-14,Ghostbusters: Ecto-1,"TM & © 2020 Columbia Pictures Industries, Inc. All Rights Reserved.",17July 2021,80.00,"6,666",,Rare,First Appearance,,Sony,Ghostbusters,Ecto-1,,,,Globally,
https://medium.com/veve-collectibles/ghostbusters-ecto-1-eef9d503a2c7,2021-07-14,Ghostbusters: Ecto-1,"TM & © 2020 Columbia Pictures Industries, Inc. All Rights Reserved.",17 July 2021,120.00,"4,444",,Rare,First Appearance,,Sony,Ghostbusters,Ecto-1,,,,Globally,
https://medium.com/veve-collectibles/chaosium-cthulhu-idols-1e6a889aee3e,2021-07-19,Chaosium— Cthulhu Idols,Cthulu Idol — Jade,23 July 2021,50.00,"1,975",,Rare,First Appearance,,Chaosium,Call of Cthulhu,Idols,,,,Globally,
https://medium.com/veve-collectibles/chaosium-cthulhu-idols-1e6a889aee3e,2021-07-19,Chaosium— Cthulhu Idols,Cthulu Idol — Gold,23 July 2021,50.00,"1,975",,Rare,First Appearance,,Chaosium,Call of the Cthulhu,Idols,,,,Globally,
https://medium.com/veve-collectibles/chaosium-cthulhu-idols-1e6a889aee3e,2021-07-19,Chaosium— Cthulhu Idols,Cthulu Idol — Bronze,23 July 2021,50.00,"1,975",,Rare,First Appearance,,Chaosium,Call of the Cthulhu,Idols,,,,Globally,
https://medium.com/veve-collectibles/chaosium-cthulhu-idols-1e6a889aee3e,2021-07-19,Chaosium— Cthulhu Idols,This is the FIRST APPEARANCE in premium digital format and available globally.,23 July 2021,50.00,"1,924",,Rare,First Appearance,,Chaosium,Call of the Cthulhu,Idols,,,,Globally,
https://medium.com/veve-collectibles/mondo-comic-con-home-79aec2dcca52,2021-07-20,Mondo - Comic-Con@Home,Bill & Ted’s Excellent Adventure (by Matt Ryan Tobin),24th July 2021,65.00,"1,989",,Rare,Con Exclusive,,Mondo,SDCC Mondo,SDCC Series,,,,Globally,
https://medium.com/veve-collectibles/mondo-comic-con-home-79aec2dcca52,2021-07-20,Mondo - Comic-Con@Home,Bill & Ted’s Bogus Journey (by Matt Ryan Tobin),24 July 2021,65.00,"1,991",,Rare,Con Exclusive,,Mondo,SDCC Mondo,SDCC Series,,,,Globally,
https://medium.com/veve-collectibles/mondo-comic-con-home-79aec2dcca52,2021-07-20,Mondo - Comic-Con@Home,Back to the Future (by Tom Whalen),24 July 2021,65.00,"1,985",,Rare,Con Exclusive,,Mondo,SDCC Mondo,SDCC Series,,,,Globally,
https://medium.com/veve-collectibles/jermaine-rogers-choices-e3979011accf,2021-07-21,Jermaine Rogers — CHOICES,The Protector,23 July 2021,40.00,"2,222",,Common,Con Exclusive,,Jermaine Rogers,Choices,Series 1,,,,Globally,
https://medium.com/veve-collectibles/jermaine-rogers-choices-e3979011accf,2021-07-21,Jermaine Rogers — CHOICES,The Assassin,23 July 2021,50.00,"1,666",,Uncommon,Con Exclusive,,Jermaine Rogers,Choices,Series 1,,,,Globally,
https://medium.com/veve-collectibles/jermaine-rogers-choices-e3979011accf,2021-07-21,Jermaine Rogers — CHOICES,The Nightwatch,23 July 2021,70.00,"1,111",,Rare,Con Exclusive,,Jermaine Rogers,Choices,Series 1,,,,Globally,
https://medium.com/veve-collectibles/jermaine-rogers-choices-e3979011accf,2021-07-21,Jermaine Rogers — CHOICES,Bunny is comfortable in the weeds. Bunny has patience. Bunny sees you before you see them. When the time is right…,23 July 2021,90.00,888,,Ultra-Rare,Con Exclusive,,Jermaine Rogers,Choices,Series 1,,,,Globally,
https://medium.com/veve-collectibles/modern-marvel-series-1-spider-man-3db043b0228f,2021-08-05,Modern Marvel Series 1 — Spider-Man,The Amazing Spider-Man,07 August 2021,40.00,"32,000",,Common,First Appearance,,Marvel,Spider-Man,Modern Marvel Series 1 — Spider-Man,,,,Globally,
https://medium.com/veve-collectibles/modern-marvel-series-1-spider-man-3db043b0228f,2021-08-05,Modern Marvel Series 1 — Spider-Man,Spider-Man — Hangin’ Out,07 August 2021,50.00,"16,000",,Uncommon,First Appearance,,Marvel,Spider-Man,Modern Marvel Series 1 — Spider-Man,,,,Globally,
https://medium.com/veve-collectibles/modern-marvel-series-1-spider-man-3db043b0228f,2021-08-05,Modern Marvel Series 1 — Spider-Man,Spider-Man — Jump Into Action,07 August 2021,100.00,"9,000",,Rare,First Appearance,,Marvel,Spider-Man,Modern Marvel Series 1 — Spider-Man,,,,Globally,
https://medium.com/veve-collectibles/modern-marvel-series-1-spider-man-3db043b0228f,2021-08-05,Modern Marvel Series 1 — Spider-Man,Spider-Man — Animated,07 August 2021,250.00,"2,500",,Ultra-Rare,First Appearance,,Marvel,Spider-Man,Modern Marvel Series 1 — Spider-Man,,,,Globally,
https://medium.com/veve-collectibles/modern-marvel-series-1-spider-man-3db043b0228f,2021-08-05,Modern Marvel Series 1 — Spider-Man,Spider-Man — Ultimate Animated,07 August 2021,400.00,"1,000",,Secret-Rare,First Appearance,,Marvel,Spider-Man,Modern Marvel Series 1 — Spider-Man,,,,Globally,
https://medium.com/veve-collectibles/marvel-digital-comics-6d4a77713ea8,2021-08-17,Marvel Digital Comics,Marvel Comics #1,"19 August 2021, 8AM PT",6.99,,"60,000",,,,Marvel,,,,5,1939,,
https://medium.com/veve-collectibles/marvel-digital-comics-6d4a77713ea8,2021-08-17,Marvel Digital Comics,Journey Into Mystery #85,"20 August 2021, 8AM PT",6.99,,"50,000",,,,Marvel,,,,5,1952,,
https://medium.com/veve-collectibles/marvel-digital-comics-6d4a77713ea8,2021-08-17,Marvel Digital Comics,Fantastic Four #1,"21 August 2021, 8AM PT",6.99,,"60,000",,,,Marvel,,,,5,1961,,
https://medium.com/veve-collectibles/marvel-digital-comics-2-adbffff37e58,2021-08-23,Marvel Digital Comics #2,New Mutants #98,"24 August 2021, 8am PT",6.99,,"60,000",,,,Marvel,,,,5,1991,,
https://medium.com/veve-collectibles/marvel-digital-comics-2-adbffff37e58,2021-08-23,Marvel Digital Comics #2,House of X #1,"25 August 2021, 8am PT",6.99,,"50,000",,,,Marvel,,,,5,2019,,
https://medium.com/veve-collectibles/marvel-digital-comics-2-adbffff37e58,2021-08-23,Marvel Digital Comics #2,Marvels #1,"26 August 2021, 8am PT",6.99,,"60,000",,,,Marvel,,,,5,1994,,
https://medium.com/veve-collectibles/marvel-mightys-series-2-fantastic-four-5959588d5ff5,2021-08-27,Marvel Mightys — Series 2 — Fantastic Four,"Accidentally transformed by cosmic rays, Ben Grimm is now the ever-lovin’ blue-eyed Thing!",28 August 2021,13.00,"28,999",,Common,First Appearance,,Marvel,Marvel Mightys,Series 2— Fantastic Four,,,,Globally,
https://medium.com/veve-collectibles/marvel-mightys-series-2-fantastic-four-5959588d5ff5,2021-08-27,Marvel Mightys — Series 2 — Fantastic Four,Mister Fantastic,28 August 2021,13.00,"28,999",,Common,First Appearance,,Marvel,Marvel Mightys,Series 2 — Fantastic Four,,,,Globally,
https://medium.com/veve-collectibles/marvel-mightys-series-2-fantastic-four-5959588d5ff5,2021-08-27,Marvel Mightys — Series 2 — Fantastic Four,Invisible Woman,28 August 2021,13.00,"19,999",,Uncommon,First Appearance,,Marvel,Marvel Mightys,Series 2 — Fantastic Four,,,,Globally,
https://medium.com/veve-collectibles/marvel-mightys-series-2-fantastic-four-5959588d5ff5,2021-08-27,Marvel Mightys — Series 2 — Fantastic Four,Human Torch,28 August 2021,13.00,"14,999",,Rare,First Appearance,,Marvel,Marvel Mightys,Series 2 — Fantastic Four,,,,Globally,
https://medium.com/veve-collectibles/marvel-mightys-series-2-fantastic-four-5959588d5ff5,2021-08-27,Marvel Mightys — Series 2 — Fantastic Four,Doctor Doom,28 August 2021,13.00,"4,999",,Ultra Rare,First Appearance,,Marvel,Marvel Mightys,Series 2 — Fantastic Four,,,,Globally,
https://medium.com/veve-collectibles/marvel-1sts-captain-america-series-1-345404e5052,2021-08-30,Marvel 1st’s — Captain America — Series 1,Captain America — The First Avenger,31 August 2021,40.00,"22,000",,Common,First Appearance,,Marvel,Captain America,Marvel 1st’s — Series 1 — Captain America,,,,Globally,
https://medium.com/veve-collectibles/marvel-1sts-captain-america-series-1-345404e5052,2021-08-30,Marvel 1st’s — Captain America — Series 1,Captain America — Charging Into Battle,31 August 2021,50.00,"12,000",,Uncommon,First Appearance,,Marvel,Captain America,Marvel 1st’s — Series 1 — Captain America,,,,Globally,
https://medium.com/veve-collectibles/marvel-1sts-captain-america-series-1-345404e5052,2021-08-30,Marvel 1st’s — Captain America — Series 1,Captain America — The Punch,31 August 2021,100.00,"8,000",,Rare,First Appearance,,Marvel,Captain America,Marvel 1st’s — Series 1 — Captain America,,,,Globally,
https://medium.com/veve-collectibles/marvel-1sts-captain-america-series-1-345404e5052,2021-08-30,Marvel 1st’s — Captain America — Series 1,Captain America — Animated,31 August 2021,250.00,"2,500",,Ultra Rare,First Appearance,,Marvel,Captain America,Marvel 1st’s — Series 1 — Captain America,,,,Globally,
https://medium.com/veve-collectibles/marvel-1sts-captain-america-series-1-345404e5052,2021-08-30,Marvel 1st’s — Captain America — Series 1,Captain America — Ultimate Animated,31 August 2021,400.00,"1,000",,Secret Rare,First Appearance,,Marvel,Captain America,Marvel 1st’s — Series 1 — Captain America,,,,Globally,
https://medium.com/veve-collectibles/marvel-digital-comics-3-amazing-spider-man-1-e2cfb3a9589,2021-08-30,Marvel Digital Comics #3 — Amazing Spider-Man #1,Amazing Spider-Man #1,"31 August 2021, 12 PM PT",6.99,,"60,000",,,,Marvel,,,,5,1963,,
https://medium.com/veve-collectibles/marvel-digital-comics-4-what-if-d81a9742939e,2021-09-06,Marvel Digital Comics #4 — What If,What If #1 (1977),"7 September 2021, 8AM PT",6.99,,"35,000",,,,Marvel,,,,5,1977,,
https://medium.com/veve-collectibles/star-trek-the-next-generation-series-1-d7ed1260fe65,2021-09-07,Star Trek: The Next Generation — Series 1,Available globally.,"8 September 2021, 8AM PT",40,"9,888",,Common,,,Star Trek,Star Trek: The Next Generation,Series 1,,,,Globally,"{""Borg Cube (1"": ""1000 Scale)""}"
https://medium.com/veve-collectibles/star-trek-the-next-generation-series-1-d7ed1260fe65,2021-09-07,Star Trek: The Next Generation — Series 1,Available globally.,"8 September 2021, 8AM PT",110,"6,888",,Rare,,,Star Trek,Star Trek: The Next Generation,Series 1,,,,Globally,"{""Borg Cube (1"": ""1 Scale)""}"
https://medium.com/veve-collectibles/star-trek-the-next-generation-series-1-d7ed1260fe65,2021-09-07,Star Trek: The Next Generation — Series 1,Available globally.,"8 September 2021, 8AM PT",60,"8,888",,Uncommon,,,Star Trek,Star Trek: The Next Generation,Series 1,,,,Globally,"{""U.S.S. Enterprise-D (1"": ""1000 Scale)"", ""U.S.S. Enterprise (1"": ""1 Scale)""}"
https://medium.com/veve-collectibles/star-trek-the-next-generation-series-1-d7ed1260fe65,2021-09-07,Star Trek: The Next Generation — Series 1,Available globally.,"8 September 2021, 8AM PT",130,"5,888",,Ultra Rare,,,Star Trek,Star Trek: The Next Generation,Series 1,,,,Globally,
https://medium.com/veve-collectibles/marvel-digital-comics-5-hulk-future-imperfect-97b4d8b20be4,2021-09-08,Marvel Digital Comics #5 — Hulk: Future Imperfect,VeVeFollow,"9 September 2021, 8AM PT",6.99,,"35,000",,,,Marvel,,,,5,1992,,
https://medium.com/veve-collectibles/marvel-digital-comics-avengers-8-37da7a8b13e0,2021-09-13,Marvel Digital Comics — Avengers #8,Avengers #8,"14 September 2021, 8AM PT",6.99,,"10,000",,,,Marvel,,,,5,1964,,
https://medium.com/veve-collectibles/marvel-digital-comics-tales-of-suspense-52-17c4fc32586e,2021-09-15,Marvel Digital Comics — Tales of Suspense #52,Tales of Suspense #52,"16 September 2021, 8AM PT",6.99,,"30,000",,,,Marvel,,,,5,1964,,
https://medium.com/veve-collectibles/ron-english-cereal-killers-s2-8bafeb273114,2021-09-16,Ron English — Cereal Killers S2,Two Ton Sam,"18 September 2021, 8AM PT",39.99,"4,444",,Common,First Appearance,,Ron English,Cereal Killers,Series 2,,,,Globally,
https://medium.com/veve-collectibles/ron-english-cereal-killers-s2-8bafeb273114,2021-09-16,Ron English — Cereal Killers S2,Franken Fat,"18 September 2021, 8AM PT",49.99,"3,333",,Uncommon,First Appearance,,Ron English,Cereal Killers,Series 2,,,,Globally,
https://medium.com/veve-collectibles/ron-english-cereal-killers-s2-8bafeb273114,2021-09-16,Ron English — Cereal Killers S2,Sugar Diabetic Bear,"18 September 2021, 8AM PT",59.99,"2,222",,Rare,First Appearance,,Ron English,Cereal Killers,Series 2,,,,Globally,
https://medium.com/veve-collectibles/ron-english-cereal-killers-s2-8bafeb273114,2021-09-16,Ron English — Cereal Killers S2,Yucky Charmer,"18 September 2021, 8AM PT",89.99,"1,888",,Ultra Rare,First Appearance,,Ron English,Cereal Killers,Series 2,,,,Globally,
https://medium.com/veve-collectibles/marvel-digital-comics-immortal-hulk-1-3c183bd8972c,2021-09-20,Marvel Digital Comics — Immortal Hulk #1,Immortal Hulk #1,"21 September 2021, 8AM PT",6.99,,"30,000",,,,Marvel,,,,5,2018,,
https://medium.com/veve-collectibles/marvel-digital-comics-all-new-captain-america-1-7c52fd7d99ed,2021-09-22,Marvel Digital Comics — All New Captain America #1,All New Captain America #1,"23 September 2021, 8AM PT",6.99,,"30,000",,,,Marvel,,,,5,2014,,
https://medium.com/veve-collectibles/modern-marvel-series-2-throg-922bae7606fb,2021-09-23,Modern Marvel Series 2 — Throg,Throg — Frog of Thunder,"25 September 2021, 8AM PT",50.00,"6,630",,Uncommon,First Appearance,,Marvel,Modern Marvels,Series 2,,,,Globally,
https://medium.com/veve-collectibles/modern-marvel-series-2-throg-922bae7606fb,2021-09-23,Modern Marvel Series 2 — Throg,Throg — The Mighty Frogjolnir,"25 September 2021, 8AM PT",50.00,"4,225",,Rare,First Appearance,,Marvel,Modern Marvels,Series 2,,,,Globally,
https://medium.com/veve-collectibles/modern-marvel-series-2-throg-922bae7606fb,2021-09-23,Modern Marvel Series 2 — Throg,Throg — Lightning Leap,"25 September 2021, 8AM PT",50.00,"2,080",,Ultra Rare,First Appearance,,Marvel,Modern Marvels,Series 2,,,,Globally,
https://medium.com/veve-collectibles/marvel-digital-comics-uncanny-x-men-4-17857ef64a55,2021-09-27,Marvel Digital Comics — Uncanny X-Men #4,Uncanny X-Men #4,"28 September 2021, 8AM PT",6.99,,"30,000",,,,Marvel,,,,5,1964,,
https://medium.com/veve-collectibles/james-bond-007-no-time-to-die-series-1-68f16190e756,2021-09-29,James Bond 007 — No Time To Die — Series 1,1:1 Glider — Static,"01 October 2021, 8AM PT",127.00,"5,007",,Rare,First Appearance,,James Bond,No Time to Die,Series 1,,,,Globally,
https://medium.com/veve-collectibles/james-bond-007-no-time-to-die-series-1-68f16190e756,2021-09-29,James Bond 007 — No Time To Die — Series 1,1:1 Glider — Animated,"01 October 2021, 8AM PT",197.00,"3,007",,Ultra Rare,First Appearance,,James Bond,No Time to Die,Series 1,,,,Globally,
https://medium.com/veve-collectibles/james-bond-007-no-time-to-die-series-1-68f16190e756,2021-09-29,James Bond 007 — No Time To Die — Series 1,Safin Mask,"03 October 2021, 8AM PT",57.00,"7,007",,Rare,First Appearance,,James Bond,No Time To Die,Series 1,,,,Globally,
https://medium.com/veve-collectibles/marvel-digital-comics-amazing-spider-man-361-9f40865f050c,2021-09-29,Marvel Digital Comics — Amazing Spider-Man #361,Amazing Spider-Man #361,"30 September 2021, 8AM PT",6.99,,"30,000",,,,Marvel,,,,5,1992,,
https://medium.com/veve-collectibles/james-bond-007-no-time-to-die-posters-fed9ec81037f,2021-09-29,James Bond 007 — No Time To Die Posters,Poster 1 —Coming Soon,01 October 2021 12PM PT,107.00,"2,507",,Ultra Rare,,,James Bond,No time To Die,Poster — S1,,,,Globally,
https://medium.com/veve-collectibles/james-bond-007-no-time-to-die-posters-fed9ec81037f,2021-09-29,James Bond 007 — No Time To Die Posters,Poster 2 — Marking Time,01 October 2021 12PM PT,87.00,"4,007",,Rare,,,James Bond,No time To Die,Poster — S1,,,,Globally,
https://medium.com/veve-collectibles/frank-kozik-labbit-series-2-16a51fc1213f,2021-09-30,Frank Kozik — Labbit Series 2,Labicorn,2 October 2021,25.00,"3,888",,Common,,,Frank Kozik,Labbit,2,,,,Globally,
https://medium.com/veve-collectibles/frank-kozik-labbit-series-2-16a51fc1213f,2021-09-30,Frank Kozik — Labbit Series 2,Corpsman,2 October 2021,30.00,"2,888",,Uncommon,,,Frank Kozik,Labbit,2,,,,Globally,
https://medium.com/veve-collectibles/frank-kozik-labbit-series-2-16a51fc1213f,2021-09-30,Frank Kozik — Labbit Series 2,Hooverville — Sunny Side of the Street,2 October 2021,35.00,"1,888",,Rare,First Edition,,Frank Kozik,Labbit,2,,,,Globally,
https://medium.com/veve-collectibles/frank-kozik-labbit-series-2-16a51fc1213f,2021-09-30,Frank Kozik — Labbit Series 2,All work and no play makes Labbit a dull boy. A perfect digital collectible for those long winter nights…,2 October 2021,35.00,"1,888",,Rare,,,Frank Kozik,Labbit,2,,,,Globally,
https://medium.com/veve-collectibles/frank-kozik-labbit-series-2-16a51fc1213f,2021-09-30,Frank Kozik — Labbit Series 2,White Backstab,2 October 2021,40.00,888,,Ultra Rare,,,Frank Kozik,Labbit,2,,,,Globally,
https://medium.com/veve-collectibles/frank-kozik-labbit-series-2-16a51fc1213f,2021-09-30,Frank Kozik — Labbit Series 2,Hooverville Labbit — Rubberleg Colorway,2 October 2021,Not available for purchase,"3,333",,Secret Rare,,,Frank Kozik,Labbit,2,,,,Globally,
https://medium.com/veve-collectibles/marvel-digital-comics-fantastic-four-13-34bcd891861d,2021-10-04,Marvel Digital Comics — Fantastic Four #13,2021 New York Comic Con Exclusive,"5 October 2021, 8AM PT",6.99,,"30,000",,,,Marvel,,,,5,1963,,
https://medium.com/veve-collectibles/exclusive-no-time-to-die-digital-movie-tickets-8c7474d60cc6,2021-10-05,Exclusive — No Time To Die Digital Movie Tickets,No Time To Die — Digital Movie Tickets,6 October 2021 10AM PT,107.00,7,,Secret Rare,,,James Bond,No Time To Die,NTTD Movie Tickets,,,,United States,
https://medium.com/veve-collectibles/modern-marvel-series-3-spider-man-ben-reilly-c53354bc6115,2021-10-05,Modern Marvel Series 3— Spider-Man (Ben Reilly),Ben Reilly — Acrobatic Arachnid,7 October 2021 8AM PT,50.00,"5,384",,Uncommon,First Appearance,,Marvel,Spider-Man,Modern Marvel Series 3— Spider-Man (Ben Reilly),,,,Globally,
https://medium.com/veve-collectibles/modern-marvel-series-3-spider-man-ben-reilly-c53354bc6115,2021-10-05,Modern Marvel Series 3— Spider-Man (Ben Reilly),Ben Reilly — Beyond Spider-Man,7 October 2021 8AM PT,50.00,616,,Ultra Rare,First Appearance,,Marvel,Spider-Man,Modern Marvel Series 3— Spider-Man (Ben Reilly),,,,Globally,
https://medium.com/veve-collectibles/marvel-digital-comics-daredevil-1-bcb77a762e3c,2021-10-06,Marvel Digital Comics — Daredevil #1,"This digital comic will be available in the VeVe app for only 24 hours, or until sell out.","8 October 2021, 8AM PT",6.99,,"30,000",,,,Marvel,,,,5,1964,,
https://medium.com/veve-collectibles/marvel-digital-comics-thanos-13-c34fc20067d0,2021-10-08,Marvel Digital Comics —Thanos #13,Thanos #13,"10 October 2021, 8AM PT",6.99,,"30,000",,,,Marvel,,,,5,2017,,
https://medium.com/veve-collectibles/marvel-mightys-series-3-captain-carter-ea43717b5bcf,2021-10-08,Marvel Mightys — Series 3 — Captain Carter,Captain Carter,9 October 2021 8AM PT,25.00,"6,000",,Rare,Con Exclusive,,Marvel,Marvel Mightys,Series 3— Captain Carter,,,,Globally,
https://medium.com/veve-collectibles/toy-tokyo-exclusive-dragon-girl-by-simone-legno-tokidoki-651fafa68f87,2021-10-08,Toy Tokyo Exclusive: Dragon Girl by Simone Legno + tokidoki,"Happy birthday, Toy Tokyo - here’s to many more!","9 October, 12PM PT",90.00,"2,222",,Secret Rare,Con Exclusive,,Toy Tokyo,Dragon Girl,,,,,Globally,
https://medium.com/veve-collectibles/marvel-digital-comics-ultimate-fallout-4-ffcb194667f8,2021-10-11,Marvel Digital Comics — Ultimate Fallout #4,Ultimate Fallout #4,"12 October 2021, 8AM PT",6.99,,"30,000",,,,Marvel,,,,5,2011,,
https://medium.com/veve-collectibles/marvel-digital-comics-thor-337-ed0991714c62,2021-10-13,Marvel Digital Comics — Thor #337,Thor #337,"14 October 2021, 8AM PT",6.99,,"10,000",,,,Marvel,,,,5,1983,,
https://medium.com/veve-collectibles/harley-quinn-red-white-black-series-2-15a92fc8be89,2021-10-14,"Harley Quinn: Red, White & Black — Series 2",#11 Harley Quinn,16 October 2021 8AM PT,40.00,"7,500",,Common,,,DC,"Harley Quinn: Red, White & Black",Series 2,Michael Turner,,,Globally,
https://medium.com/veve-collectibles/harley-quinn-red-white-black-series-2-15a92fc8be89,2021-10-14,"Harley Quinn: Red, White & Black — Series 2",#12 Harley Quinn,16 October 2021 8AM PT,50.00,"5,500",,Uncommon,,,DC,"Harley Quinn: Red, White & Black",Series 2,Mingjue Helen Chen,,,Globally,
https://medium.com/veve-collectibles/harley-quinn-red-white-black-series-2-15a92fc8be89,2021-10-14,"Harley Quinn: Red, White & Black — Series 2","Inspired by her appearance in Injustice 2, this is Harley Quinn in all her gaming glory.",16 October 2021 8AM PT,70.00,"3,250",,Rare,,,DC,"Harley Quinn: Red, White & Black",Series 2,Steve Kiwus,,,Globally,
https://medium.com/veve-collectibles/harley-quinn-red-white-black-series-2-15a92fc8be89,2021-10-14,"Harley Quinn: Red, White & Black — Series 2",#13 Harley Quinn,16 October 2021 8AM PT,90.00,"1,750",,Ultra Rare,,,DC,"Harley Quinn: Red, White & Black",Series 2,Frank Cho,,,Globally,
https://medium.com/veve-collectibles/marvel-digital-comics-amazing-spider-man-50-8fadd4f47437,2021-10-18,Marvel Digital Comics — Amazing Spider-Man #50,Amazing Spider-Man #50,"19 October 2021, 8AM PT",6.99,,"30,000",,,,Marvel,,,,5,1967,,
https://medium.com/veve-collectibles/marvel-digital-comics-web-of-spider-man-118-e935ed2eaf34,2021-10-19,Marvel Digital Comics — Web of Spider-Man #118,Web of Spider-Man #118,"21 October 2021, 8AM PT",6.99,,"30,000",,,,Marvel,,,,5,1994,,
https://medium.com/veve-collectibles/modern-marvel-series-4-alligator-loki-1e2f8ff1f8db,2021-10-22,Modern Marvel Series 4 — Alligator Loki,Alligator Loki,23 October 2021 8AM PT,40.00,"9,800",,Common,First Appearance,,Marvel,Modern Marvel,Modern Marvel Series 4 — Alligator Loki,,,,Globally,
https://medium.com/veve-collectibles/modern-marvel-series-4-alligator-loki-1e2f8ff1f8db,2021-10-22,Modern Marvel Series 4 — Alligator Loki,Alligator Loki — Animated,23 October 2021 8AM PT,100.00,"3,400",,Ultra Rare,First Appearance,,Marvel,Modern Marvel,Modern Marvel Series 4 — Alligator Loki,,,,Globally,
https://medium.com/veve-collectibles/modern-marvel-series-4-alligator-loki-1e2f8ff1f8db,2021-10-22,Modern Marvel Series 4 — Alligator Loki,Alligator Loki — Ultimate Animated,23 October 2021 8AM PT,250.00,800,,Secret Rare,First Appearance,,Marvel,Modern Marvel,Modern Marvel Series 4 — Alligator Loki,,,,Globally,
https://medium.com/veve-collectibles/marvel-digital-comics-ultimate-fantastic-four-21-3041d7e5fe82,2021-10-25,Marvel Digital Comics — Ultimate Fantastic Four #21,Ultimate Fantastic Four #21,"26 October 2021, 8AM PT",6.99,,"30,000",,,,Marvel,,,,5,2005,,
https://medium.com/veve-collectibles/marvel-digital-comics-powers-of-x-1-556560c57c00,2021-10-27,Marvel Digital Comics — Powers of X #1,Powers of X #1,"28 October 2021, 8AM PT",6.99,,"25,000",,,,Marvel,,,,5,2019,,
https://medium.com/veve-collectibles/first-look-veve-master-collector-program-d2db16b1b559,2021-10-28,First Look: VeVe Master Collector Program,Roadmap,,,,,,,,,,,,,,,"{""Phase 1"": ""Points, Levels, Ranks"", ""Phase 2"": ""Drop Lottery"", ""Phase 3"": ""Accessories, Premium Market Listings, Badges"", ""Phase 4"": ""MCP Pro""}"
https://medium.com/veve-collectibles/modern-marvel-zombie-hunter-spider-man-c257c895b62d,2021-10-29,Modern Marvel — Zombie Hunter Spider-Man,Zombie Hunter Spider-Man #1,30 October 2021 8AM PT,50.00,"18,200",,Common,First Appearance,,Marvel,Modern Marvel,Zombie Hunter Spider-Man,,,,Globally,
https://medium.com/veve-collectibles/modern-marvel-zombie-hunter-spider-man-c257c895b62d,2021-10-29,Modern Marvel — Zombie Hunter Spider-Man,Zombie Hunter Spider-Man #2,30 October 2021 8AM PT,50.00,"3,800",,Ultra Rare,First Appearance,,Marvel,Modern Marvel,Zombie Hunter Spider-Man,,,,Globally,
https://medium.com/veve-collectibles/modern-marvel-zombie-captain-america-7dab98f56500,2021-10-29,Modern Marvel — Zombie Captain America,Zombie Captain America #1,30 October 2021 12PM PT,50.00,"18,200",,Common,First Appearance,,Marvel,Modern Marvel,Zombie Captain America,,,,Globally,
https://medium.com/veve-collectibles/modern-marvel-zombie-captain-america-7dab98f56500,2021-10-29,Modern Marvel — Zombie Captain America,Zombie Captain America #2,30 October 2021 12PM PT,50.00,"3,800",,Ultra Rare,First Appearance,,Marvel,Captain America,Zombie Captain America,,,,Globally,
https://medium.com/veve-collectibles/usps-series-1-day-of-the-dead-b5891e0d0baa,2021-11-01,USPS Series 1 — Day of the Dead,Blind Boxes,2 November 2021 12PM PT,6.00,"7,666",,Common,,,USPS,Day of the Dead,USPS Series 1,,,,Globally,
https://medium.com/veve-collectibles/usps-series-1-day-of-the-dead-b5891e0d0baa,2021-11-01,USPS Series 1 — Day of the Dead,Blind Boxes,2 November 2021 12PM PT,6.00,"6,666",,Uncommon,,,USPS,Day of the Dead,USPS Series 1,,,,Globally,
https://medium.com/veve-collectibles/usps-series-1-day-of-the-dead-b5891e0d0baa,2021-11-01,USPS Series 1 — Day of the Dead,Blind Boxes,2 November 2021 12PM PT,6.00,"5,666",,Rare,,,USPS,Day of the Dead,USPS Series 1,,,,Globally,
https://medium.com/veve-collectibles/usps-series-1-day-of-the-dead-b5891e0d0baa,2021-11-01,USPS Series 1 — Day of the Dead,Blind Boxes,2 November 2021 12PM PT,6.00,"4,666",,Ultra Rare,,,USPS,Day of the Dead,USPS Series 1,,,,Globally,
https://medium.com/veve-collectibles/marvel-digital-comics-ultimates-1-c4986654675f,2021-11-01,Marvel Digital Comics — Ultimates #1,Ultimates #1,"02 November 2021, 8AM PT",6.99,,"30,000",,,,Marvel,,,,5,2002,,
https://medium.com/veve-collectibles/marvel-digital-comics-eternals-1-6060aca04abb,2021-11-03,Marvel Digital Comics — Eternals #1,This release includes VeVe exclusive Rare and Ultra Rare variant covers by Gerald Parel.,"04 November 2021, 8AM PT",6.99,,"30,000",,,,Marvel,,,,5,1976,,
https://medium.com/veve-collectibles/marvel-mightys-series-4-eternals-d5c57f03503c,2021-11-04,Marvel Mightys Series 4— Eternals,Sersi,6 November 2021 8AM PT,13.00,"18,000",,Common,First Appearance,,Marvel,Marvel Mightys,Series 4— Eternals,,,,Globally,
https://medium.com/veve-collectibles/marvel-mightys-series-4-eternals-d5c57f03503c,2021-11-04,Marvel Mightys Series 4— Eternals,Ikaris,6 November 2021 8AM PT,13.00,"18,000",,Common,First Appearance,,Marvel,Marvel Mightys,Series 4 — Eternals,,,,Globally,
https://medium.com/veve-collectibles/marvel-mightys-series-4-eternals-d5c57f03503c,2021-11-04,Marvel Mightys Series 4— Eternals,Kingo,6 November 2021 8AM PT,13.00,"18,000",,Common,First Appearance,,Marvel,Marvel Mightys,Series 4 — Eternals,,,,Globally,
https://medium.com/veve-collectibles/marvel-mightys-series-4-eternals-d5c57f03503c,2021-11-04,Marvel Mightys Series 4— Eternals,Phastos,6 November 2021 8AM PT,13.00,"18,000",,Common,First Appearance,,Marvel,Marvel Mightys,Series 4 — Eternals,,,,Globally,
https://medium.com/veve-collectibles/marvel-mightys-series-4-eternals-d5c57f03503c,2021-11-04,Marvel Mightys Series 4— Eternals,Makkari,6 November 2021 8AM PT,13.00,"9,000",,Uncommon,First Appearance,,Marvel,Marvel Mightys,Series 4 — Eternals,,,,Globally,
https://medium.com/veve-collectibles/marvel-mightys-series-4-eternals-d5c57f03503c,2021-11-04,Marvel Mightys Series 4— Eternals,Druig,6 November 2021 8AM PT,13.00,"9,000",,Uncommon,First Appearance,,Marvel,Marvel Mightys,Series 4 — Eternals,,,,Globally,
https://medium.com/veve-collectibles/marvel-mightys-series-4-eternals-d5c57f03503c,2021-11-04,Marvel Mightys Series 4— Eternals,Sprite,6 November 2021 8AM PT,13.00,"6,000",,Rare,First Appearance,,Marvel,Marvel Mightys,Series 4 — Eternals,,,,Globally,
https://medium.com/veve-collectibles/marvel-mightys-series-4-eternals-d5c57f03503c,2021-11-04,Marvel Mightys Series 4— Eternals,Ajak,6 November 2021 8AM PT,13.00,"6,000",,Rare,First Appearance,,Marvel,Marvel Mightys,Series 4 — Eternals,,,,Globally,
https://medium.com/veve-collectibles/marvel-mightys-series-4-eternals-d5c57f03503c,2021-11-04,Marvel Mightys Series 4— Eternals,Gilgamesh,6 November 2021 8AM PT,13.00,"3,500",,Ultra Rare,First Appearance,,Marvel,Marvel Mightys,Series 4 — Eternals,,,,Globally,
https://medium.com/veve-collectibles/marvel-mightys-series-4-eternals-d5c57f03503c,2021-11-04,Marvel Mightys Series 4— Eternals,Thena,6 November 2021 8AM PT,13.00,"3,500",,Ultra Rare,First Appearance,,Marvel,Marvel Mightys,Series 4 — Eternals,,,,Globally,
https://medium.com/veve-collectibles/disney-golden-moments-the-simpsons-a27a84adef27,2021-11-05,Disney Golden Moments — The Simpsons,This Golden Moment between father and son embodies the spirit of The Simpsons in a first-ever NFT.,7 November 2021 12PM PT,60.00,"12,333",,Common,First Appearance,,Disney,Golden Moments,The Simpsons,,,,Globally,
https://medium.com/veve-collectibles/disney-golden-moments-the-simpsons-a27a84adef27,2021-11-05,Disney Golden Moments — The Simpsons,Bart’s iconic skateboard is yours for the downloading as part of the Disney Golden Moments collection.,7 November 2021 12PM PT,60.00,"6,333",,Rare,First Appearance,,Disney,Golden Moments,The Simpsons,,,,Globally,
https://medium.com/veve-collectibles/disney-golden-moments-walt-disney-animation-studios-2efe910b9929,2021-11-06,Disney Golden Moments — Walt Disney Animation Studios,Elsa,8 November 2021 12PM PT,60.00,"12,333",,Common,First Appearance,,Disney,Disney,Disney — Golden Moments,,,,Globally,
https://medium.com/veve-collectibles/disney-golden-moments-walt-disney-animation-studios-2efe910b9929,2021-11-06,Disney Golden Moments — Walt Disney Animation Studios,Mickey Sorcerer's Hat,8 November 2021 12PM PT,60.00,"6,333",,Rare,First Appearance,,Disney,Disney,Disney — Golden Moments,,,,Globally,
https://medium.com/veve-collectibles/disney-golden-moments-pixar-607784585bcc,2021-11-07,Disney Golden Moments — Pixar,WALL•E,9 November 2021 12PM PT,60.00,"10,333",,Uncommon,First Appearance,,Disney,Golden Moments,Pixar,,,,Globally,
https://medium.com/veve-collectibles/disney-golden-moments-pixar-607784585bcc,2021-11-07,Disney Golden Moments — Pixar,Pizza Planet Truck,9 November 2021 12PM PT,60.00,"6,333",,Rare,First Appearance,,Disney,Golden Moments,Pixar,,,,Globally,
https://medium.com/veve-collectibles/disney-golden-moments-marvel-6bfa3bda6bd5,2021-11-08,Disney Golden Moments — Marvel,© 2021 MARVEL,10 November 2021 12PM PT,60.00,"12,333",,Common,First Appearance,,Disney,Golden Moments,Marvel,,,,Globally,
https://medium.com/veve-collectibles/disney-golden-moments-marvel-6bfa3bda6bd5,2021-11-08,Disney Golden Moments — Marvel,© 2021 MARVEL,10 November 2021 12PM PT,60.00,"6,333",,Rare,First Appearance,,Disney,Golden Moments,Marvel,,,,Globally,
https://medium.com/veve-collectibles/disney-golden-moments-star-wars-96dc5baba88b,2021-11-09,Disney Golden Moments — STAR WARS,C-3PO,11 November 2021 12PM PT,60.00,"12,333",,Common,First Appearance,,Disney,Golden Moments,Star Wars,,,,Globally,
https://medium.com/veve-collectibles/disney-golden-moments-star-wars-96dc5baba88b,2021-11-09,Disney Golden Moments — STAR WARS,R2-D2,11 November 2021 12PM PT,60.00,"8,333",,Uncommon,First Appearance,,Disney,Golden Moments,Star Wars,,,,Globally,
https://medium.com/veve-collectibles/disney-golden-moments-walt-disney-mickey-mouse-9821fb07fdd7,2021-11-10,Disney Golden Moments — Walt Disney & Mickey Mouse,Partners,12 November 2021 12PM PT,333.00,"4,333",,Ultra Rare,First Appearance,,Disney,Golden Moments,Disney,,,,Globally,
https://medium.com/veve-collectibles/veve-at-designercon-friday-233ef9d6cf2a,2021-11-11,VeVe at DesignerCon — Friday,Classic Cartoon Edition,12 November 2021 2PM PT,25.00,"6,666",,Common,Con Exclusive,,DesignerCon,DesignerCon 2021,Scott Tolleson,,,,Globally,
https://medium.com/veve-collectibles/veve-at-designercon-friday-233ef9d6cf2a,2021-11-11,VeVe at DesignerCon — Friday,Rock N Roll Edition,12 November 2021 2PM PT,25.00,"3,666",,Uncommon,Con Exclusive,,DesignerCon,DesignerCon 2021,Scott Tolleson,,,,Globally,
https://medium.com/veve-collectibles/veve-at-designercon-friday-233ef9d6cf2a,2021-11-11,VeVe at DesignerCon — Friday,90s Edition,12 November 2021 2PM PT,25.00,"2,666",,Rare,Con Exclusive,,DesignerCon,DesignerCon 2021,Scott Tolleson,,,,Globally,
https://medium.com/veve-collectibles/veve-at-designercon-friday-233ef9d6cf2a,2021-11-11,VeVe at DesignerCon — Friday,Heroes Edition,12 November 2021 2PM PT,25.00,666,,Ultra Rare,Con Exclusive,,DesignerCon,DesignerCon 2021,Scott Tolleson,,,,Globally,
https://medium.com/veve-collectibles/veve-at-designercon-friday-233ef9d6cf2a,2021-11-11,VeVe at DesignerCon — Friday,Neapolitan Ting!,12 November 2021 3PM PT,77.00,888,,Ultra Rare,Con Exclusive,,DesignerCon General,DesignerCon 2021,Sket One,,,,Globally,
https://medium.com/veve-collectibles/veve-at-designercon-friday-233ef9d6cf2a,2021-11-11,VeVe at DesignerCon — Friday,Uprisings + Bunny Blossom (blind box),12 November 2021 4PM PT,45.00,"3,666",,Uncommon,Con Exclusive,,DesignerCon,DesignerCon 2021,kozyndan,,,,Globally,
https://medium.com/veve-collectibles/veve-at-designercon-friday-233ef9d6cf2a,2021-11-11,VeVe at DesignerCon — Friday,Uprisings + Bunny Blossom (blind box),12 November 2021 4PM PT,45.00,"1,266",,Rare,Con Exclusive,,DesignerCon,DesignerCon 2021,kozyndan,,,,Globally,
https://medium.com/veve-collectibles/veve-at-designercon-sunday-473f1d6c4a78,2021-11-11,VeVe at DesignerCon — Sunday,Wanderers,14 November 2021 9AM PT,45.00,"1,266",,Rare,Con Exclusive,,DesignerCon,DesignerCon 2021,Tara McPherson,,,,Globally,
https://medium.com/veve-collectibles/veve-at-designercon-sunday-473f1d6c4a78,2021-11-11,VeVe at DesignerCon — Sunday,Supernova,14 November 2021 9AM PT,45.00,"1,266",,Rare,Con Exclusive,,DesignerCon,DesignerCon 2021,Tara McPherson,,,,Globally,
https://medium.com/veve-collectibles/veve-at-designercon-sunday-473f1d6c4a78,2021-11-11,VeVe at DesignerCon — Sunday,Wayob,14 November 2021 9AM PT,45.00,666,,Ultra Rare,Con Exclusive,,DesignerCon General,DesignerCon 2021,Tara McPherson,,,,Globally,
https://medium.com/veve-collectibles/veve-at-designercon-sunday-473f1d6c4a78,2021-11-11,VeVe at DesignerCon — Sunday,Electric Lola,14 November 2021 9AM PT,45.00,666,,Ultra Rare,Con Exclusive,,DesignerCon General,DesignerCon 2021,Tara McPherson,,,,Globally,
https://medium.com/veve-collectibles/veve-at-designercon-sunday-473f1d6c4a78,2021-11-11,VeVe at DesignerCon — Sunday,Vultura,14 November 2021 10AM PT,99.00,"2,888",,Rare,Con Exclusive,,DesignerCon,DesignerCon 2021,Camille Rose Garcia,,,,Globally,
https://medium.com/veve-collectibles/veve-at-designercon-sunday-473f1d6c4a78,2021-11-11,VeVe at DesignerCon — Sunday,Lincoln Logo Mayhem Board,14 November 2021 12PM PT,40.00,"2,250",,Common,Con Exclusive,,DesignerCon,DesignerCon 2021,Lincoln Design Co,,,,Globally,
https://medium.com/veve-collectibles/veve-at-designercon-sunday-473f1d6c4a78,2021-11-11,VeVe at DesignerCon — Sunday,Lincoln Ripper Board,14 November 2021 12PM PT,40.00,"1,750",,Uncommon,Con Exclusive,,DesignerCon,DesignerCon 2021,Lincoln Design Co,,,,Globally,
https://medium.com/veve-collectibles/veve-at-designercon-sunday-473f1d6c4a78,2021-11-11,VeVe at DesignerCon — Sunday,White L Snake Board,14 November 2021 12PM PT,45.00,"1,200",,Rare,Con Exclusive,,DesignerCon,DesignerCon 2021,Lincoln Design Co,,,,Globally,
https://medium.com/veve-collectibles/veve-at-designercon-sunday-473f1d6c4a78,2021-11-11,VeVe at DesignerCon — Sunday,Ride the Lightning Board,14 November 2021 12PM PT,45.00,250,,Secret Rare,Con Exclusive,,DesignerCon,DesignerCon 2021,Lincoln Design Co,,,,Globally,
https://medium.com/veve-collectibles/veve-at-designercon-sunday-473f1d6c4a78,2021-11-11,VeVe at DesignerCon — Sunday,Green,14 November 2021 1PM PT,13.00,"1,888",,Common,Con Exclusive,,DesignerCon,DesignerCon 2021,Munkyking x Luke Chueh,,,,Globally,
https://medium.com/veve-collectibles/veve-at-designercon-sunday-473f1d6c4a78,2021-11-11,VeVe at DesignerCon — Sunday,White,14 November 2021 1PM PT,13.00,"1,688",,Uncommon,Con Exclusive,,DesignerCon,DesignerCon 2021,Munkyking x Luke Chueh,,,,Globally,
https://medium.com/veve-collectibles/veve-at-designercon-sunday-473f1d6c4a78,2021-11-11,VeVe at DesignerCon — Sunday,Blue,14 November 2021 1PM PT,13.00,"1,288",,Rare,Con Exclusive,,DesignerCon,DesignerCon 2021,Munkyking x Luke Chueh,,,,Globally,
https://medium.com/veve-collectibles/veve-at-designercon-sunday-473f1d6c4a78,2021-11-11,VeVe at DesignerCon — Sunday,Red,14 November 2021 1PM PT,13.00,888,,Ultra Rare,Con Exclusive,,DesignerCon,DesignerCon 2021,Munkyking x Luke Chueh,,,,Globally,
https://medium.com/veve-collectibles/veve-at-designercon-sunday-473f1d6c4a78,2021-11-11,VeVe at DesignerCon — Sunday,That Cat Bronson,14 November 2021 3PM PT,77 .00,888,,Ultra Rare,Con Exclusive,,DesignerCon,DesignerCon 2021,Mister Cartoon,,,,Globally,
https://medium.com/veve-collectibles/veve-at-designercon-sunday-473f1d6c4a78,2021-11-11,VeVe at DesignerCon — Sunday,Inked Stories (Eve),14 November 2021 4PM PT,90.00,888,,Ultra Rare,Con Exclusive,,DesignerCon,DesignerCon 2021,MIGHTY JAXX,,,,Globally,
https://medium.com/veve-collectibles/veve-at-designercon-saturday-1bca3039fbc3,2021-11-11,VeVe at DesignerCon — Saturday,Shut Up And Draw,13 November 2021 9AM PT,77.00,888,,Ultra Rare,Con Exclusive,,DesignerCon,DesignerCon 2021,Dave Pressler,,,,Globally,
https://medium.com/veve-collectibles/veve-at-designercon-saturday-1bca3039fbc3,2021-11-11,VeVe at DesignerCon — Saturday,Color,13 November 2021 10AM PT,45.00,"1,266",,Rare,Con Exclusive,,DesignerCon,DesignerCon 2021,Brian M. Viveros,,,,Globally,
https://medium.com/veve-collectibles/veve-at-designercon-saturday-1bca3039fbc3,2021-11-11,VeVe at DesignerCon — Saturday,B/W,13 November 2021 10AM PT,45.00,666,,Ultra Rare,Con Exclusive,,DesignerCon,DesignerCon 2021,Brian M. Viveros,,,,Globally,
https://medium.com/veve-collectibles/veve-at-designercon-saturday-1bca3039fbc3,2021-11-11,VeVe at DesignerCon — Saturday,Color,13 November 2021 10AM PT,45.00,"1,266",,Rare,Con Exclusive,,DesignerCon,DesignerCon 2021,Brian M. Viveros,,,,Globally,
https://medium.com/veve-collectibles/veve-at-designercon-saturday-1bca3039fbc3,2021-11-11,VeVe at DesignerCon — Saturday,B/W,13 November 2021 10AM PT,45.00,666,,Ultra Rare,Con Exclusive,,DesignerCon,DesignerCon 2021,Brian M. Viveros,,,,Globally,
https://medium.com/veve-collectibles/veve-at-designercon-saturday-1bca3039fbc3,2021-11-11,VeVe at DesignerCon — Saturday,Red,13 November 2021 12PM PT,25.00,"6,666",,Common,Con Exclusive,,DesignerCon,DesignerCon 2021,Tristan Eaton,,,,Globally,
https://medium.com/veve-collectibles/veve-at-designercon-saturday-1bca3039fbc3,2021-11-11,VeVe at DesignerCon — Saturday,Black,13 November 2021 12PM PT,25.00,"3,666",,Uncommon,Con Exclusive,,DesignerCon,DesignerCon 2021,Tristan Eaton,,,,Globally,
https://medium.com/veve-collectibles/veve-at-designercon-saturday-1bca3039fbc3,2021-11-11,VeVe at DesignerCon — Saturday,Gold,13 November 2021 12PM PT,25.00,"2,666",,Rare,Con Exclusive,,DesignerCon,DesignerCon 2021,Tristan Eaton,,,,Globally,
https://medium.com/veve-collectibles/veve-at-designercon-saturday-1bca3039fbc3,2021-11-11,VeVe at DesignerCon — Saturday,Color,13 November 2021 12PM PT,25.00,666,,Ultra Rare,Con Exclusive,,DesignerCon,DesignerCon 2021,Tristan Eaton,,,,Globally,
https://medium.com/veve-collectibles/veve-at-designercon-saturday-1bca3039fbc3,2021-11-11,VeVe at DesignerCon — Saturday,Pop Life,13 November 2021 1PM PT,50.00,666,,Ultra Rare,Con Exclusive,,DesignerCon General,DesignerCon 2021,Tristan Eaton,,,,Globally,
https://medium.com/veve-collectibles/veve-at-designercon-saturday-1bca3039fbc3,2021-11-11,VeVe at DesignerCon — Saturday,We are smiling. Trust us.,13 November 2021 3PM PT,70.00,"1,111",,Rare,Con Exclusive,,Jermaine Rogers,DERO,Creeping DERO,,,,Globally,
https://medium.com/veve-collectibles/veve-at-designercon-saturday-1bca3039fbc3,2021-11-11,VeVe at DesignerCon — Saturday,Black/White,13 November 2021 4PM PT,50.00,"1,388",,Rare,Con Exclusive,,DesignerCon,DesignerCon 2021,XLARGE,,,,Globally,
https://medium.com/veve-collectibles/veve-at-designercon-saturday-1bca3039fbc3,2021-11-11,VeVe at DesignerCon — Saturday,Silver,13 November 2021 4PM PT,50.00,999,,Ultra Rare,Con Exclusive,,DesignerCon,DesignerCon 2021,XLARGE,,,,Globally,
https://medium.com/veve-collectibles/veve-at-designercon-saturday-1bca3039fbc3,2021-11-11,VeVe at DesignerCon — Saturday,Gold,13 November 2021 4PM PT,50.00,488,,Secret Rare,Con Exclusive,,DesignerCon,DesignerCon 2021,XLARGE,,,,Globally,
https://medium.com/veve-collectibles/marvel-digital-comics-avengers-80-522374f2e880,2021-11-12,Marvel Digital Comics — Avengers #80,This release includes VeVe Exclusive Rare and Ultra Rare variant covers by Ron Lim!,"13 November 2021, 8AM PT",6.99,,"30,000",,,,Marvel,,,,5,1970,,
https://medium.com/veve-collectibles/marvel-digital-comics-amazing-spider-man-14-5d63e5a4ffbc,2021-11-15,Marvel Digital Comics — Amazing Spider-Man #14,This release includes VeVe Exclusive Rare and Ultra Rare variant covers by Sean Chen!,"16 November 2021, 8AM PT",6.99,,"70,000",,,,Marvel,,,,5,1964,,
https://medium.com/veve-collectibles/veve-app-update-build-519-417dae49c3f8,2021-11-15,VeVe App Update: Build .519,"To make sure you never miss a comic drop, comics will now show in the Coming Soon and Latest Drops sections.",,,,,,,,,,,,,,,"{""VeVe Market"": ""Comics and Listings"", ""The Market has undergone two main updates"": """"}"
https://medium.com/veve-collectibles/veve-app-update-build-519-417dae49c3f8,2021-11-15,VeVe App Update: Build .519,Comics,,,,,,,,,,,,,,,"{""Green"": ""Common"", ""Purple"": ""Uncommon"", ""Blue"": ""Rare"", ""Orange"": ""Ultra Rare"", ""Red"": ""Secret Rare""}"
https://medium.com/veve-collectibles/marvel-digital-comics-hit-monkey-1-213f647de5ba,2021-11-16,Marvel Digital Comics — Hit-Monkey #1,Hit-Monkey #1,"17 November 2021, 8AM PT",6.99,,"10,000",,,,Marvel,,,,5,2010,,
https://medium.com/veve-collectibles/marvel-digital-comics-fantastic-four-5-86bb46eb71af,2021-11-18,Marvel Digital Comics — Fantastic Four #5,Fantastic Four #5,"19 November 2021, 8AM PT",6.99,,"30,000",,,,Marvel,,,,5,1962,,
https://medium.com/veve-collectibles/veve-master-collector-program-v0-2-b118830cb093,2021-11-19,VeVe Master Collector Program v0.2,- Earned points may change during certain periods — e.g. Double Point Bonus Days,,,,,,,,,,,,,,,"{""Sets"": ""Points for completing a set can only be earned once per set, e.g. a user cannot complete a Set, sell a collectible from the Set, and then buy it back to complete the Set again."", ""Market"": ""Points for purchasing are applied once per collectible, e.g. you can’t purchase the same low-cost collectible over and over to gain Points.""}"
https://medium.com/veve-collectibles/veve-master-collector-program-v0-2-b118830cb093,2021-11-19,VeVe Master Collector Program v0.2,Roadmap,,,,,,,,,,,,,,,"{""Phase 1"": ""Points, Levels, Ranks"", ""Phase 2"": ""Drop Raffle"", ""Phase 3"": ""Accessories, Premium Market Listings, Badges"", ""Phase 4"": ""MCP Pro""}"
https://medium.com/veve-collectibles/modern-marvel-storm-d88efed675ed,2021-11-19,Modern Marvel — Storm,Storm — Mistress of the Elements,20 November 2021 8AM PT,50,"16,500",,Common,First Appearance,,Marvel,X-Men,Storm,,,,Globally,
https://medium.com/veve-collectibles/modern-marvel-storm-d88efed675ed,2021-11-19,Modern Marvel — Storm,Storm — Windrider,20 November 2021 8AM PT,50,"12,500",,Uncommon,First Appearance,,Marvel,X-Men,Storm,,,,Globally,
https://medium.com/veve-collectibles/modern-marvel-storm-d88efed675ed,2021-11-19,Modern Marvel — Storm,Storm — Queen of Wakanda,20 November 2021 8AM PT,50,"6,500",,Rare,First Appearance,,Marvel,X-Men,Storm,,,,Globally,
https://medium.com/veve-collectibles/modern-marvel-storm-d88efed675ed,2021-11-19,Modern Marvel — Storm,Storm — Animated,20 November 2021 8AM PT,50,"3,650",,Ultra Rare,First Appearance,,Marvel,X-Men,Storm,,,,Globally,
https://medium.com/veve-collectibles/modern-marvel-storm-d88efed675ed,2021-11-19,Modern Marvel — Storm,Storm — Ultimate Animated,20 November 2021 8AM PT,50,"1,500",,Secret Rare,First Appearance,,Marvel,X-Men,Storm,,,,Globally,
https://medium.com/veve-collectibles/marvel-digital-comics-tales-of-suspense-57-2a8b77f1f74e,2021-11-22,Marvel Digital Comics — Tales of Suspense #57,This release includes VeVe Exclusive Rare and Ultra Rare variant covers by Mike McKone and Israel Silva.,"23 November 2021, 8AM PT",6.99,,"30,000",,,,Marvel,,,,5,1962,,
https://medium.com/veve-collectibles/marvel-digital-comics-young-avengers-12-8ccfce67419,2021-11-23,Marvel Digital Comics — Young Avengers #12,This release features VeVe Exclusive Rare & Ultra Rare covers by Sean Chen!,"24 November 2021, 8AM PT",6.99,,"30,000",,,,Marvel,,,,5,2006,,
https://medium.com/veve-collectibles/marvel-digital-comics-uncanny-x-men-308-843c022d66c2,2021-11-24,Marvel Digital Comics — Uncanny X-Men #308,Uncanny X-Men #308,"25 November 2021, 8AM PT",6.99,,"30,000",,,,Marvel,,,,5,1994,,
https://medium.com/veve-collectibles/ron-english-cereal-killers-s3-163b12df9ddc,2021-11-24,Ron English — Cereal Killers S3,"Smack, Crack, & Pot","27 November 2021, 8AM PT",39.99,"4,444",,Common,First Appearance,,Ron English,Cereal Killers,Series 3,,,,Globally,
https://medium.com/veve-collectibles/ron-english-cereal-killers-s3-163b12df9ddc,2021-11-24,Ron English — Cereal Killers S3,Drug ‘em Killfrog,"27 November 2021, 8AM PT",49.99,"3,333",,Uncommon,First Appearance,,Ron English,Cereal Killers,Series 3,,,,Globally,
https://medium.com/veve-collectibles/ron-english-cereal-killers-s3-163b12df9ddc,2021-11-24,Ron English — Cereal Killers S3,Qhrist,"27 November 2021, 8AM PT",59.99,"2,222",,Rare,First Appearance,,Ron English,Cereal Killers,Series 3,,,,Globally,
https://medium.com/veve-collectibles/ron-english-cereal-killers-s3-163b12df9ddc,2021-11-24,Ron English — Cereal Killers S3,Tricky the Obese Bunny,"27 November 2021, 8AM PT",89.99,"1,888",,Ultra Rare,First Appearance,,Ron English,Cereal Killers,Series 3,,,,Globally,
https://medium.com/veve-collectibles/marvel-digital-comics-uncanny-x-men-129-77e617e78c95,2021-11-29,Marvel Digital Comics — Uncanny X-Men #129,This release features VeVe Exclusive Rare & Ultra Rare covers by Alan Quah.,"30 November 2021, 8AM PT",6.99,,"30,000",,,,Marvel,,,,5,1980,,
https://medium.com/veve-collectibles/marvel-digital-comics-ultimate-spider-man-1-e7851e7a3b14,2021-12-01,Marvel Digital Comics — Ultimate Spider-Man #1,Ultimate Spider-Man #1,"2 December 2021, 8AM PT",6.99,,"30,000",,,,Marvel,,,,5,2000,,
https://medium.com/veve-collectibles/dc-artists-alley-series-1-d76b81c464b2,2021-12-03,DC Artists Alley — Series 1,Wonder Woman,"4 December, 2021, 8AM PT",50,"9,999",,Common,First Appearance,,DC,Artists Alley,1,,,,Globally,
https://medium.com/veve-collectibles/dc-artists-alley-series-1-d76b81c464b2,2021-12-03,DC Artists Alley — Series 1,Batgirl,"4 December, 2021, 8AM PT",50,"8,888",,Uncommon,,,DC,Artists Alley,1,,,,Globally,
https://medium.com/veve-collectibles/dc-artists-alley-series-1-d76b81c464b2,2021-12-03,DC Artists Alley — Series 1,"This highly detailed digital collectible of the daughter of Krypton is positive, enthusiastic, and yes, confident!","4 December, 2021, 8AM PT",50,"6,888",,Rare,,,DC,Artists Alley,1,,,,Globally,
https://medium.com/veve-collectibles/dc-artists-alley-series-1-d76b81c464b2,2021-12-03,DC Artists Alley — Series 1,Hawkgirl,"4 December, 2021, 8AM PT",50,"3,888",,Ultra Rare,First Appearance,,DC,Artists Alley,1,,,,Globally,
https://medium.com/veve-collectibles/marvel-digital-comics-avengers-47-ed1c521440d8,2021-12-06,Marvel Digital Comics — Avengers #47,This release features VeVe Exclusive Rare and Ultra Rare covers by Felipe Massafera.,"7 December 2021, 8AM PT",6.99,,"30,000",,,,Marvel,,,,5,1967,,
https://medium.com/veve-collectibles/marvel-digital-comics-amazing-spider-man-3-fcfd8d1aee99,2021-12-07,Marvel Digital Comics — Amazing Spider-Man #3,This release features VeVe Exclusive Rare and Ultra Rare covers by Will Sliney.,"8 December 2021, 8AM PT",6.99,,"30,000",,,,Marvel,,,,5,1963,,
https://medium.com/veve-collectibles/marvel-digital-comics-darkhawk-1-b6c653f0d81e,2021-12-08,Marvel Digital Comics — Darkhawk #1,Darkhawk #1,"9 December 2021, 8AM PT",6.99,,"30,000",,,,Marvel,,,,5,1991,,
https://medium.com/veve-collectibles/voltron-legendary-defender-s1-44bff0d816d3,2021-12-10,Voltron: Legendary Defender S1,Lions United,"11 December, 2021 8AM PT",60,"7,888",,Common,First Appearance,,Dreamworks Animation,Voltron: Legendary Defender,1,,,,Globally,
https://medium.com/veve-collectibles/voltron-legendary-defender-s1-44bff0d816d3,2021-12-10,Voltron: Legendary Defender S1,Defense Mode,"11 December, 2021 8AM PT",60,"6,888",,Uncommon,First Appearance,,Dreamworks Animation,Voltron: Legendary Defender,1,,,,Globally,
https://medium.com/veve-collectibles/voltron-legendary-defender-s1-44bff0d816d3,2021-12-10,Voltron: Legendary Defender S1,Atlas Ready,"11 December, 2021 8AM PT",60,"5,888",,Rare,First Appearance,,Dreamworks Animation,Voltron: Legendary Defender,1,,,,Globally,
https://medium.com/veve-collectibles/voltron-legendary-defender-s1-44bff0d816d3,2021-12-10,Voltron: Legendary Defender S1,Battle Mode,"11 December, 2021 8AM PT",60,"3,888",,Ultra Rare,First Appearance,,Dreamworks Animation,Voltron: Legendary Defender,1,,,,Globally,
https://medium.com/veve-collectibles/marvel-digital-comics-astonishing-x-men-1-e53d6acdecf2,2021-12-13,Marvel Digital Comics — Astonishing X-Men #1,Astonishing X-Men #1,"14 December 2021, 8AM PT",6.99,,"30,000",,,,Marvel,,,,5,2004,,
https://medium.com/veve-collectibles/marvel-digital-comics-avengers-57-3ad2db511c02,2021-12-15,Marvel Digital Comics — Avengers #57,This release features VeVe Exclusive Rare and Ultra Rare covers by Logan Lubera.,"16 December 2021, 8AM PT",6.99,,"30,000",,,,Marvel,,,,5,1968,,
https://medium.com/veve-collectibles/a-very-deadpool-christmas-535cdeea5bf2,2021-12-16,A Very Deadpool Christmas,Deadpool — Deck the Halls,"18 December, 2021 8AM PT",50.00,"18,666",,Common,First Appearance,,Marvel,Deadpool,A Very Deadpool Christmas,,,,Globally,
https://medium.com/veve-collectibles/a-very-deadpool-christmas-535cdeea5bf2,2021-12-16,A Very Deadpool Christmas,Deadpool — Ugly Sweater Party,"18 December, 2021 8AM PT",50.00,"13,666",,Uncommon,First Appearance,,Marvel,Deadpool,A Very Deadpool Christmas,,,,Globally,
https://medium.com/veve-collectibles/a-very-deadpool-christmas-535cdeea5bf2,2021-12-16,A Very Deadpool Christmas,Deadpool — Candy Cane Combat,"18 December, 2021 8AM PT",50.00,"8,666",,Rare,First Appearance,,Marvel,Deadpool,A Very Deadpool Christmas,,,,Globally,
https://medium.com/veve-collectibles/a-very-deadpool-christmas-535cdeea5bf2,2021-12-16,A Very Deadpool Christmas,Deadpool — Animated,"18 December, 2021 8AM PT",50.00,"3,666",,Ultra Rare,First Appearance,,Marvel,Deadpool,A Very Deadpool Christmas,,,,Globally,
https://medium.com/veve-collectibles/a-very-deadpool-christmas-535cdeea5bf2,2021-12-16,A Very Deadpool Christmas,Deadpool — Ultimate Animated,"18 December, 2021 8AM PT",50.00,"1,666",,Secret Rare,First Appearance,,Marvel,Deadpool,A Very Deadpool Christmas,,,,Globally,
https://medium.com/veve-collectibles/coca-cola-snow-globes-ddc7444b6789,2021-12-18,Coca-Cola — Snow Globes,Snow Globes — Polar Bear,"20 December, 2021 8AM PT",50.00,"13,888",,Common,First Edition,,Coca-Cola,Snow Globes,1,,,,Globally,
https://medium.com/veve-collectibles/coca-cola-snow-globes-ddc7444b6789,2021-12-18,Coca-Cola — Snow Globes,Snow Globe — 4 Coke Bottles,"20 December, 2021 8AM PT",50.00,"10,888",,Uncommon,First Edition,,Coca-Cola,Snow Globes,1,,,,Globally,
https://medium.com/veve-collectibles/coca-cola-snow-globes-ddc7444b6789,2021-12-18,Coca-Cola — Snow Globes,Light up your holidays with this festive digital collectible snow globe featuring the classic Coca-Cola logo.,"20 December, 2021 8AM PT",50.00,"7,888",,Rare,First Edition,,Coca-Cola,Snow Globes,1,,,,Globally,
https://medium.com/veve-collectibles/coca-cola-snow-globes-ddc7444b6789,2021-12-18,Coca-Cola — Snow Globes,Snow Globe — Coke Bottle,"20 December, 2021 8AM PT",50.00,"1,886",,Secret Rare,First Edition,,Coca-Cola,Snow Globes,1,,,,Globally,
https://medium.com/veve-collectibles/marvel-digital-comics-iron-fist-14-386ed0367aa4,2021-12-20,Marvel Digital Comics — Iron Fist #14,This release features VeVe Exclusive Rare and Ultra Rare covers by Creees Lee.,"21 December 2021, 8AM PT",6.99,,"30,000",,,,Marvel,,,,5,1977,,
https://medium.com/veve-collectibles/the-mickey-mouse-nft-collection-series-1-steamboat-willie-769505e7144d,2021-12-20,The Mickey Mouse NFT Collection — Series 1 — Steamboat Willie,A Jaunty Jig,"22 December, 2021 12PM PT",60.00,"18,928",,Common,,,Disney,The Mickey Mouse NFT Collection,1,,,,Globally,
https://medium.com/veve-collectibles/the-mickey-mouse-nft-collection-series-1-steamboat-willie-769505e7144d,2021-12-20,The Mickey Mouse NFT Collection — Series 1 — Steamboat Willie,A Happy Whistle,"22 December, 2021 12PM PT",60.00,"13,928",,Uncommon,,,Disney,The Mickey Mouse NFT Collection,1,,,,Globally,
https://medium.com/veve-collectibles/the-mickey-mouse-nft-collection-series-1-steamboat-willie-769505e7144d,2021-12-20,The Mickey Mouse NFT Collection — Series 1 — Steamboat Willie,"All Together, Now!","22 December, 2021 12PM PT",60.00,"6,928",,Ultra Rare,,,Disney,The Mickey Mouse NFT Collection,1,,,,Globally,
https://medium.com/veve-collectibles/frank-kozik-labbit-series-3-493e5a81e28c,2021-12-21,Frank Kozik — Labbit Series 3,"Some day the Revolution will come! Meanwhile, gotta grind out the toys.","23 December 2021, 12PM PT",25.00,"3,888",,Common,,,Frank Kozik,Labbit,3,,,,Globally,
https://medium.com/veve-collectibles/frank-kozik-labbit-series-3-493e5a81e28c,2021-12-21,Frank Kozik — Labbit Series 3,Santa Labbit,"23 December 2021, 12PM PT",30.00,"2,888",,Uncommon,,,Frank Kozik,Labbit,3,,,,Globally,
https://medium.com/veve-collectibles/frank-kozik-labbit-series-3-493e5a81e28c,2021-12-21,Frank Kozik — Labbit Series 3,He appears from the far North to spread freezing cold and icy slush everywhere! It’s a winter blunderland!,"23 December 2021, 12PM PT",35.00,"1,888",,Rare,,,Frank Kozik,Labbit,3,,,,Globally,
https://medium.com/veve-collectibles/frank-kozik-labbit-series-3-493e5a81e28c,2021-12-21,Frank Kozik — Labbit Series 3,Not all that glitters is gold…remember the TRUE meaning of Xmas. Presents. Labbit wants them all…,"23 December 2021, 12PM PT",40.00,888,,Ultra Rare,,,Frank Kozik,Labbit,3,,,,Globally,
https://medium.com/veve-collectibles/marvel-studios-hawkeye-rogers-the-musical-poster-6587f92ee69e,2021-12-22,Marvel Studios’ Hawkeye— Rogers: the Musical — Poster,Marvel Studios’ Hawkeye,,,,,,,,,,,,,,,"{""Rogers"": ""The Musical"", ""Curtain up on Rogers"": ""The Musical! Critics call it, “A Super-Powered Sensation” and audiences agree. Featuring an all-star cast and show-stopping musical numbers including the fan-favorite “Save The City”, Rogers: The Musical is the broadway show as seen in Marvel Studios’ Hawkeye.""}"
https://medium.com/veve-collectibles/marvel-studios-hawkeye-rogers-the-musical-poster-6587f92ee69e,2021-12-22,Marvel Studios’ Hawkeye— Rogers: the Musical — Poster,Marvel Studios’ Hawkeye,23 December 2021 8AM PT,60.00,"3,800",,Ultra Rare,,,Marvel,Marvel Studios’ Hawkeye,Rogers: The Musical,,,,Globally,
https://medium.com/veve-collectibles/usps-a-visit-from-st-nick-bd6375d1159,2021-12-23,USPS — A Visit From St. Nick,Santa on a Snowy Rooftop,24 December 2021 12PM PT,6.00,"8,888",,Common,,,USPS,A Visit From St. Nick,1,,,,Globally,
https://medium.com/veve-collectibles/usps-a-visit-from-st-nick-bd6375d1159,2021-12-23,USPS — A Visit From St. Nick,Winking Santa,24 December 2021 12PM PT,6.00,"7,777",,Uncommon,,,USPS,A Visit From St. Nick,1,,,,Globally,
https://medium.com/veve-collectibles/usps-a-visit-from-st-nick-bd6375d1159,2021-12-23,USPS — A Visit From St. Nick,Santa and His Reindeer,24 December 2021 12PM PT,6.00,"6,666",,Rare,,,USPS,A Visit From St. Nick,1,,,,Globally,
https://medium.com/veve-collectibles/usps-a-visit-from-st-nick-bd6375d1159,2021-12-23,USPS — A Visit From St. Nick,Santa Comes Down the Chimney,24 December 2021 12PM PT,6.00,"5,555",,Ultra Rare,,,USPS,A Visit From St. Nick,1,,,,Globally,
https://medium.com/veve-collectibles/guardians-of-the-galaxy-holiday-groot-502645345b3e,2021-12-23,Guardians of the Galaxy — Holiday Groot,Holiday Groot — Merry Groot-Mas,"24 December, 2021 8AM PT",40.00,"28,888",,Common,First Appearance,,Marvel,Guardians of the Galaxy,Holiday Groot,,,,Globally,
https://medium.com/veve-collectibles/guardians-of-the-galaxy-holiday-groot-502645345b3e,2021-12-23,Guardians of the Galaxy — Holiday Groot,Holiday Groot — Festive Lights,"24 December, 2021 8AM PT",40.00,"18,888",,Uncommon,First Appearance,,Marvel,Guardians of the Galaxy,Holiday Groot,,,,Globally,
https://medium.com/veve-collectibles/guardians-of-the-galaxy-holiday-groot-502645345b3e,2021-12-23,Guardians of the Galaxy — Holiday Groot,Holiday Groot — Ultimate Animated,"24 December, 2021 8AM PT",40.00,"9,888",,Rare,First Appearance,,Marvel,Guardians of the Galaxy,Holiday Groot,,,,Globally,
https://medium.com/veve-collectibles/veve-master-collector-program-v1-0-e93df8427f07,2021-12-23,VeVe Master Collector Program v1.0,- Earned points may change during certain periods — e.g. Double Point Bonus Days,,,,,,,,,,,,,,,"{""Sets"": ""Points for completing a set can only be earned once per set, e.g. a user cannot complete a Set, sell a collectible from the Set, and then buy it back to complete the Set again."", ""Market"": ""Points for purchasing are applied once per collectible, e.g. you can’t purchase the same low-cost collectible over and over to gain Points.""}"
https://medium.com/veve-collectibles/veve-master-collector-program-v1-0-e93df8427f07,2021-12-23,VeVe Master Collector Program v1.0,Roadmap,,,,,,,,,,,,,,,"{""Phase 1"": ""Points, Levels, Ranks"", ""Phase 2"": ""Drop Raffle"", ""Phase 3"": ""Accessories, Premium Market Listings, Badges"", ""Phase 4"": ""MCP Pro""}"
https://medium.com/veve-collectibles/marvel-digital-comics-fantastic-four-12-edbac20c2502,2021-12-27,Marvel Digital Comics — Fantastic Four #12,This release features VeVe Exclusive Rare and Ultra Rare covers by Valerio Giangiordano and Israel Silva.,"28 December 2021, 8AM PT",6.99,,"30,000",,,,Marvel,,,,5,1963,,
https://medium.com/veve-collectibles/marvel-digital-comics-amazing-spider-man-252-97ce199e24dc,2021-12-28,Marvel Digital Comics — Amazing Spider-Man #252,This release features VeVe Exclusive Rare and Ultra Rare covers by Philip Tan & Federico Blee.,"30 December 2021, 8AM PT",6.99,,"1,000",,,,Marvel,,,,5,1984,,
https://medium.com/veve-collectibles/ron-english-last-fat-breakfast-2ce8b3f0b4e3,2021-12-30,Ron English — Last Fat Breakfast,Last Fat Breakfast,"31 December 2021, 8AM PT",100.00,"1,959",,Ultra Rare,First Edition,,Ron English,Cereal Killers,Last Fat Breakfast,,,,Globally,
https://medium.com/veve-collectibles/marvel-digital-comics-daredevil-131-400c497998cf,2022-01-03,Marvel Digital Comics — Daredevil #131,Daredevil #131,"4 January 2022, 8AM PT",6.99,,"30,000",,,,Marvel,,,,5,1976,,
https://medium.com/veve-collectibles/marvel-digital-comics-incredible-hulk-347-acc16456252,2022-01-04,Marvel Digital Comics — Incredible Hulk #347,Incredible Hulk #347,"6 January 2022, 8 AM PT",6.99,,"10,000",,,,Marvel,,,,5,1988,,
https://medium.com/veve-collectibles/tokidoki-mermicorno-series-2-fee8ce42e7a0,2022-01-06,tokidoki Mermicorno — Series 2,Coraline,"8 January, 2022 8 AM PT",16.00,"9,888",,Common,First Appearance,,tokidoki,Mermicornos,2,,,,Globally,
https://medium.com/veve-collectibles/tokidoki-mermicorno-series-2-fee8ce42e7a0,2022-01-06,tokidoki Mermicorno — Series 2,Acquaria,"8 January, 2022 8 AM PT",16.00,"9,888",,Common,First Appearance,,tokidoki,Mermicornos,2,,,,Globally,
https://medium.com/veve-collectibles/tokidoki-mermicorno-series-2-fee8ce42e7a0,2022-01-06,tokidoki Mermicorno — Series 2,Perlina,"8 January, 2022 8 AM PT",16.00,"7,888",,Uncommon,First Appearance,,tokidoki,Mermicornos,2,,,,Globally,
https://medium.com/veve-collectibles/tokidoki-mermicorno-series-2-fee8ce42e7a0,2022-01-06,tokidoki Mermicorno — Series 2,Cerulean,"8 January, 2022 8 AM PT",16.00,"7,888",,Uncommon,First Appearance,,tokidoki,Mermicornos,2,,,,Globally,
https://medium.com/veve-collectibles/tokidoki-mermicorno-series-2-fee8ce42e7a0,2022-01-06,tokidoki Mermicorno — Series 2,Fantasma,"8 January, 2022 8 AM PT",16.00,"5,888",,Rare,First Appearance,,tokidoki,Mermicornos,2,,,,Globally,
https://medium.com/veve-collectibles/tokidoki-mermicorno-series-2-fee8ce42e7a0,2022-01-06,tokidoki Mermicorno — Series 2,Lilypad,"8 January, 2022 8 AM PT",16.00,"5,888",,Rare,First Appearance,,tokidoki,Mermicornos,2,,,,Globally,
https://medium.com/veve-collectibles/tokidoki-mermicorno-series-2-fee8ce42e7a0,2022-01-06,tokidoki Mermicorno — Series 2,Lei-la,"8 January, 2022 8 AM PT",16.00,"3,888",,Ultra Rare,First Appearance,,tokidoki,Mermicornos,2,,,,Globally,
https://medium.com/veve-collectibles/tokidoki-mermicorno-series-2-fee8ce42e7a0,2022-01-06,tokidoki Mermicorno — Series 2,Sharkbite,"8 January, 2022 8 AM PT",16.00,"2,888",,Secret Rare,First Appearance,,tokidoki,Mermicornos,2,,,,Globally,
https://medium.com/veve-collectibles/marvel-digital-comics-amazing-spider-man-798-6445f240a262,2022-01-10,Marvel Digital Comics — Amazing Spider-Man #798,Amazing Spider-Man #798,"11 January 2022, 8 AM PT",6.99,,"30,000",,,,Marvel,,,,5,2018,,
https://medium.com/veve-collectibles/marvel-digital-comics-alpha-flight-1-5f0106ad264b,2022-01-11,Marvel Digital Comics — Alpha Flight #1,This Super Limited Edition release features VeVe Exclusive Rare and Ultra Rare covers by Jay Anacleto.,"13 January 2022, 8 AM PT",6.99,,"10,000",,,,Marvel,,,,5,1983,,
https://medium.com/veve-collectibles/fantastic-four-invisible-woman-b3ad0b177143,2022-01-13,Fantastic Four — Invisible Woman,Invisible Woman — Sue Storm,"15 January 2022, 8 AM PT",50.00,"16,500",,Common,,,Marvel,Fantastic Four,Invisible Woman,,,,Globally,
https://medium.com/veve-collectibles/fantastic-four-invisible-woman-b3ad0b177143,2022-01-13,Fantastic Four — Invisible Woman,Invisible Woman — Fantastic Heroine,"15 January 2022, 8 AM PT",50.00,"12,500",,Uncommon,,,Marvel,Fantastic Four,Invisible Woman,,,,Globally,
https://medium.com/veve-collectibles/fantastic-four-invisible-woman-b3ad0b177143,2022-01-13,Fantastic Four — Invisible Woman,Invisible Woman — Psionic Defender,"15 January 2022, 8 AM PT",50.00,"6,500",,Rare,,,Marvel,Fantastic Four,Invisible Woman,,,,Globally,
https://medium.com/veve-collectibles/fantastic-four-invisible-woman-b3ad0b177143,2022-01-13,Fantastic Four — Invisible Woman,Invisible Woman — Animated,"15 January 2022, 8 AM PT",50.00,"3,650",,Ultra Rare,,,Marvel,Fantastic Four,Invisible Woman,,,,Globally,
https://medium.com/veve-collectibles/fantastic-four-invisible-woman-b3ad0b177143,2022-01-13,Fantastic Four — Invisible Woman,Invisible Woman — Ultimate Animated,"15 January 2022, 8 AM PT",50.00,"1,500",,Secret Rare,,,Marvel,Fantastic Four,Invisible Woman,,,,Globally,
https://medium.com/veve-collectibles/jermaine-rogers-veil-specimen-5ba6d11d9518,2022-01-14,Jermaine Rogers — Veil: Specimen,"But, there have been exceptions.",,,,,,,,,,,,,,,"{""Series 1"": ""Deviant"", ""Series 1 introduces four Veil"": ""Specimen who were eventually pronounced ‘deviant’ by the Dero. Their whereabouts are presently unknown.""}"
https://medium.com/veve-collectibles/jermaine-rogers-veil-specimen-5ba6d11d9518,2022-01-14,Jermaine Rogers — Veil: Specimen,‘I am sensing that everything I know is a facade. Something is wrong. I think I am losing my mind.’,16 Jan 2022 8 AM PT,40.00,3333,,Common,First Appearance,,Jermaine Rogers,Veil: Specimen,Series 1: Deviant,,,,Globally,
https://medium.com/veve-collectibles/jermaine-rogers-veil-specimen-5ba6d11d9518,2022-01-14,Jermaine Rogers — Veil: Specimen,Specimen #129,16 Jan 2022 8AM PT,50.00,2222,,Uncommon,First Appearance,,Jermaine Rogers,Veil: Specimen,Series 1: Deviant,,,,Globally,
https://medium.com/veve-collectibles/jermaine-rogers-veil-specimen-5ba6d11d9518,2022-01-14,Jermaine Rogers — Veil: Specimen,‘The Dero are not your friends. Do not give your trust. They have studied you. It is a game. You will lose it.’,16 Jan 2022 8AM PT,70.00,1777,,Rare,First Appearance,,Jermaine Rogers,Veil: Specimen,Series 1: Deviant,,,,Globally,
https://medium.com/veve-collectibles/jermaine-rogers-veil-specimen-5ba6d11d9518,2022-01-14,Jermaine Rogers — Veil: Specimen,Specimen #04,16 Jan 2022 8AM PT,90.00,999,,Ultra Rare,First Appearance,,Jermaine Rogers,Veil: Specimen,Series 1: Deviant,,,,Globally,
https://medium.com/veve-collectibles/marvel-digital-comics-kravens-last-hunt-281061716c18,2022-01-15,Marvel Digital Comics—Kraven’s Last Hunt,This release features VeVe Exclusive Rare & Ultra Rare covers by Marco Turini.,"17 January 2022, 8 AM PT",6.99,,"30,000",,,,Marvel,,,,5,1987,,
https://medium.com/veve-collectibles/marvel-digital-comics-kravens-last-hunt-281061716c18,2022-01-15,Marvel Digital Comics—Kraven’s Last Hunt,This release features VeVe Exclusive Rare & Ultra Rare covers by David Lopez.,"18 January 2022, 8 AM PT",6.99,,"30,000",,,,Marvel,,,,5,1987,,
https://medium.com/veve-collectibles/marvel-digital-comics-kravens-last-hunt-281061716c18,2022-01-15,Marvel Digital Comics—Kraven’s Last Hunt,This release features VeVe Exclusive Rare & Ultra Rare covers by Philip Tan and Brad Anderson.,"19 January 2022, 8 AM PT",6.99,,"30,000",,,,Marvel,,,,5,1987,,
https://medium.com/veve-collectibles/marvel-digital-comics-kravens-last-hunt-281061716c18,2022-01-15,Marvel Digital Comics—Kraven’s Last Hunt,This release features VeVe Exclusive Rare & Ultra Rare covers by Tyler Kirkham and Arif Prianto.,"20 January 2022, 8 AM PT",6.99,,"30,000",,,,Marvel,,,,5,1987,,
https://medium.com/veve-collectibles/marvel-digital-comics-kravens-last-hunt-281061716c18,2022-01-15,Marvel Digital Comics—Kraven’s Last Hunt,This release features VeVe Exclusive Rare & Ultra Rare covers by Will Sliney and Israel Silva.,"21 January 2022, 8 AM PT",6.99,,"30,000",,,,Marvel,,,,5,1987,,
https://medium.com/veve-collectibles/marvel-digital-comics-kravens-last-hunt-281061716c18,2022-01-15,Marvel Digital Comics—Kraven’s Last Hunt,This release features VeVe Exclusive Rare & Ultra Rare covers by Tony Daniel and Marcelo Maiolo.,"22 January 2022, 8 AM PT",6.99,,"30,000",,,,Marvel,,,,5,1987,,
https://medium.com/veve-collectibles/dc-battle-statue-batman-vs-killer-croc-e4006820e9cf,2022-01-21,DC Battle Statue — Batman vs. Killer Croc,DC Battle Statues,,,,,,,,,,,,,,,"{""Credits"": """", ""Initial design"": ""Jim Fletcher - Creative Director, DC Direct"", ""Art Director"": ""Jim Fletcher"", ""Final Illustration"": ""Walter O’Neal"", ""Original Sculpt"": ""Ray Villafane""}"
https://medium.com/veve-collectibles/dc-battle-statue-batman-vs-killer-croc-e4006820e9cf,2022-01-21,DC Battle Statue — Batman vs. Killer Croc,Batman vs. Killer Croc,23 Jan 2022 8 AM PT,120.00,"8,888",,Rare,First Appearance (Killer Croc),,DC Direct,DC Battle Statue,Batman vs. Killer Croc,,,,Globally,
https://medium.com/veve-collectibles/marvel-digital-comics-strange-academy-1-f9d2469fcd99,2022-01-24,Marvel Digital Comics —Strange Academy #1,Strange Academy #1,"25 January 2022, 8 AM PT",6.99,,"30,000",,,,Marvel,,,,5,2020,,
https://medium.com/veve-collectibles/marvel-digital-comics-daredevil-25-4d5d1e0dea1f,2022-01-26,Marvel Digital Comics — Daredevil #25,Daredevil #25,"27 January 2022, 8 AM PT",6.99,,"30,000",,,,Marvel,,,,5,2020,,
https://medium.com/veve-collectibles/disney-mickey-and-friends-nft-collection-3de468cfe5e6,2022-01-27,Disney Mickey and Friends NFT Collection,Mickey Mouse,"29 January, 2022 at 8 AM PT",40.00,"13,928",,Common,First Edition,,Disney,Mickey and Friends NFT Collection,Mickey and Friends — Series 1,,,,Globally,
https://medium.com/veve-collectibles/disney-mickey-and-friends-nft-collection-3de468cfe5e6,2022-01-27,Disney Mickey and Friends NFT Collection,Minnie Mouse,"29 January, 2022 at 8AM PT",40.00,"13,928",,Common,First Edition,,Disney,Mickey and Friends NFT Collection,Mickey and Friends — Series 1,,,,Globally,
https://medium.com/veve-collectibles/disney-mickey-and-friends-nft-collection-3de468cfe5e6,2022-01-27,Disney Mickey and Friends NFT Collection,Donald Duck,"29 January, 2022 at 8AM PT",40.00,"9,999",,Uncommon,First Edition,,Disney,Mickey and Friends NFT Collection,Mickey and Friends — Series 1,,,,Globally,
https://medium.com/veve-collectibles/disney-mickey-and-friends-nft-collection-3de468cfe5e6,2022-01-27,Disney Mickey and Friends NFT Collection,Daisy Duck,"29 January, 2022 at 8AM PT",40.00,"8,888",,Rare,First Edition,,Disney,Mickey and Friends NFT Collection,Mickey and Friends — Series 1,,,,Globally,
https://medium.com/veve-collectibles/disney-mickey-and-friends-nft-collection-3de468cfe5e6,2022-01-27,Disney Mickey and Friends NFT Collection,Pluto,"29 January, 2022 at 8AM PT",40.00,"6,666",,Ultra Rare,First Edition,,Disney,Mickey and Friends NFT Collection,Mickey and Friends — Series 1,,,,Globally,
https://medium.com/veve-collectibles/disney-mickey-and-friends-nft-collection-3de468cfe5e6,2022-01-27,Disney Mickey and Friends NFT Collection,Goofy,"29 January, 2022 at 8AM PT",40.00,"4,444",,Secret Rare,First Edition,,Disney,Mickey and Friends NFT Collection,Mickey and Friends — Series 1,,,,Globally,
https://medium.com/veve-collectibles/marvel-mightys-spider-man-3f9b7e2fc9d0,2022-01-28,Marvel Mightys — Spider-Man,Spider-Man,30 January 2022 12 PM PT,13.00,"14,999",,Common,,,Marvel,Marvel Mightys,Spider-Man,,,,Globally,
https://medium.com/veve-collectibles/marvel-mightys-spider-man-3f9b7e2fc9d0,2022-01-28,Marvel Mightys — Spider-Man,Ghost-Spider,30 January 2022 12 PM PT,13.00,"14,999",,Common,First Appearance,,Marvel,Marvel Mightys,Spider-Man,,,,Globally,
https://medium.com/veve-collectibles/marvel-mightys-spider-man-3f9b7e2fc9d0,2022-01-28,Marvel Mightys — Spider-Man,Spider-Woman,30 January 2022 12 PM PT,13.00,"8,888",,Uncommon,First Appearance,,Marvel,Marvel Mightys,Spider-Man,,,,Globally,
https://medium.com/veve-collectibles/marvel-mightys-spider-man-3f9b7e2fc9d0,2022-01-28,Marvel Mightys — Spider-Man,Black Cat,30 January 2022 12 PM PT,13.00,"5,555",,Rare,First Appearance,,Marvel,Marvel Mightys,Spider-Man,,,,Globally,
https://medium.com/veve-collectibles/marvel-mightys-spider-man-3f9b7e2fc9d0,2022-01-28,Marvel Mightys — Spider-Man,Green Goblin,30 January 2022 12 PM PT,13.00,"3,333",,Ultra Rare,First Appearance,,Marvel,Marvel Mightys,Spider-Man,,,,Globally,
https://medium.com/veve-collectibles/marvel-mightys-spider-man-3f9b7e2fc9d0,2022-01-28,Marvel Mightys — Spider-Man,Spider-Man 2099,30 January 2022 12 PM PT,13.00,"2,099",,Secret Rare,First Appearance,,Marvel,Marvel Mightys,Spider-Man,,,,Globally,
https://medium.com/veve-collectibles/usps-lunar-new-year-stamp-pane-art-f0a71c9b5372,2022-01-29,USPS — Lunar New Year Stamp Pane Art,The Year of the Tiger,"1 February 2022, 12 PM PT",120.00,"1,888",,Rare,,,USPS,Lunar New Year,1,,,,Globally,
https://medium.com/veve-collectibles/usps-lunar-new-year-stamp-pane-art-f0a71c9b5372,2022-01-29,USPS — Lunar New Year Stamp Pane Art,The Year of the Ox,"1 February 2022, 12 PM PT",120.00,"1,688",,Ultra Rare,,,USPS,Lunar New Year,1,,,,Globally,
https://medium.com/veve-collectibles/usps-lunar-new-year-stamp-pane-art-f0a71c9b5372,2022-01-29,USPS — Lunar New Year Stamp Pane Art,The Year of the Rat,"1 February 2022, 12 PM PT",120.00,888,,Secret Rare,,,USPS,Lunar New Year,1,,,,Globally,
https://medium.com/veve-collectibles/usps-lunar-new-year-stamp-art-e5d9f01e4f8,2022-01-29,USPS — Lunar New Year Stamp Art,Stamp Art,"31 January 2022, 8 AM PT",6.00 (Blind Box),,,,,,,,,,,,,
https://medium.com/veve-collectibles/usps-lunar-new-year-stamp-art-e5d9f01e4f8,2022-01-29,USPS — Lunar New Year Stamp Art,Stamp Pane Art,"1 February 2022, 12 PM PT",120.00 (Blind Box),,,,,,,,,,,,,
https://medium.com/veve-collectibles/usps-lunar-new-year-stamp-art-e5d9f01e4f8,2022-01-29,USPS — Lunar New Year Stamp Art,Stamp Art — Year of the Tiger,"31 January 2022, 8 AM PT",6.00,"11,888",,Common,,,USPS,Lunar New Year,1,,,,Globally,
https://medium.com/veve-collectibles/usps-lunar-new-year-stamp-art-e5d9f01e4f8,2022-01-29,USPS — Lunar New Year Stamp Art,Stamp Art — Year of the Ox,"31 January 2022, 8AM PT",6.00,"8,888",,Uncommon,,,USPS,Lunar New Year,1,,,,Globally,
https://medium.com/veve-collectibles/usps-lunar-new-year-stamp-art-e5d9f01e4f8,2022-01-29,USPS — Lunar New Year Stamp Art,Stamp Art — Year of the Rat,"31 January 2022, 8AM PT",6.00,"6,888",,Rare,,,USPS,Lunar New Year,1,,,,Globally,
https://medium.com/veve-collectibles/marvel-digital-comics-captain-america-117-a01afdeeaf59,2022-01-31,Marvel Digital Comics — Captain America #117,This release features VeVe Exclusive Rare & Ultra Rare covers by Junggeun Yoon.,"1 February 2022, 8 AM PT",6.99,,"30,000",,,,Marvel,,,,5,1969,,
https://medium.com/veve-collectibles/scott-tolleson-imperial-lotus-dragon-a382b6651ec,2022-01-31,Scott Tolleson — Imperial Lotus Dragon,Imperial Lotus Dragon,2 February 2022 8 AM PT,60.00,"3,888",,Common,First Edition,,Scott Tolleson,Imperial Lotus Dragon,1,,,,Globally,
https://medium.com/veve-collectibles/scott-tolleson-imperial-lotus-dragon-a382b6651ec,2022-01-31,Scott Tolleson — Imperial Lotus Dragon,Torch Dragon,2 February 2022 8 AM PT,60.00,"2,888",,Uncommon,First Edition,,Scott Tolleson,Imperial Lotus Dragon,1,,,,Globally,
https://medium.com/veve-collectibles/scott-tolleson-imperial-lotus-dragon-a382b6651ec,2022-01-31,Scott Tolleson — Imperial Lotus Dragon,Jade Dragon,2 February 2022 8 AM PT,60.00,"1,888",,Rare,First Edition,,Scott Tolleson,Imperial Lotus Dragon,1,,,,Globally,
https://medium.com/veve-collectibles/scott-tolleson-imperial-lotus-dragon-a382b6651ec,2022-01-31,Scott Tolleson — Imperial Lotus Dragon,Gold Dragon,2 February 2022 8 AM PT,60.00,888,,Ultra Rare,First Edition,,Scott Tolleson,Imperial Lotus Dragon,1,,,,Globally,
https://medium.com/veve-collectibles/marvel-digital-comics-amazing-spider-man-annual-16-5d6aef310d1b,2022-02-02,Marvel Digital Comics — Amazing Spider-Man Annual #16,This release features VeVe Exclusive Rare & Ultra Rare Covers by Romina Jones.,"3 February 2022, 8 AM PT",6.99,,"30,000",,,,Marvel,,,,5,1982,,
https://medium.com/veve-collectibles/dc-cover-girls-s2-6d620a9eba8d,2022-02-04,DC — Cover Girls — S2,Batgirl,"5 February 2022, 8 AM PT",60.00,"13,777",,Common,,,DC Direct,DC Cover Girls,2,,,,Globally,
https://medium.com/veve-collectibles/dc-cover-girls-s2-6d620a9eba8d,2022-02-04,DC — Cover Girls — S2,Wonder Woman,"5 February 2022, 8 AM PT",60.00,"10,777",,Uncommon,,,DC Direct,DC Cover Girls,2,,,,Globally,
https://medium.com/veve-collectibles/dc-cover-girls-s2-6d620a9eba8d,2022-02-04,DC — Cover Girls — S2,Supergirl,"5 February 2022, 8 AM PT",60.00,"7,777",,Rare,,,DC Direct,DC Cover Girls,2,,,,Globally,
https://medium.com/veve-collectibles/dc-cover-girls-s2-6d620a9eba8d,2022-02-04,DC — Cover Girls — S2,Harley Quinn,"5 February 2022, 8 AM PT",60.00,"4,777",,Ultra Rare,,,DC Direct,DC Cover Girls,2,,,,Globally,
https://medium.com/veve-collectibles/pili-fantasy-war-of-dragons-d3fe97319dc9,2022-02-04,Pili Fantasy: War of Dragons,Pili Fantasy,,,,,,,,,,,,,,,"{""Pili Fantasy"": ""War of Dragons"", ""PILI Fantasy"": ""War of Dragons is a commemorative work presented by PILI International Multimedia to celebrate the 30th anniversary of Su Huan Jen’s debut. War of Dragons (1990 Ver.) was an epoch-making fantasy martial-art masterpiece in the Chinese-speaking world. It established “Su Huan Jen” as the quintessential protagonist in PILI’s martial-arts universe. The only romance Su — praised as “the Impeccable One” — has ever had in his life also took place in this saga. His 7-day love story with Feng Cai Ling is so heartbreaking that it continues to fascinate countless fans throughout the decades. Even after 30 years, thousands of fans would gather at the couple’s commemorative wedding ceremony to witness and celebrate their timeless love.""}"
https://medium.com/veve-collectibles/pili-fantasy-war-of-dragons-d3fe97319dc9,2022-02-04,Pili Fantasy: War of Dragons,Su Huan Jen,"6 February, 2022 at 8 AM PT",40.00,"11,888",,Common,First Appearance,,Pili International Multimedia,Pili Fantasy: War of Dragons,1,,,,Globally,
https://medium.com/veve-collectibles/pili-fantasy-war-of-dragons-d3fe97319dc9,2022-02-04,Pili Fantasy: War of Dragons,Feng Cai Ling,"6 February, 2022 at 8 AM PT",40.00,"8,888",,Uncommon,First Appearance,,Pili International Multimedia,Pili Fantasy: War of Dragons,1,,,,Globally,
https://medium.com/veve-collectibles/pili-fantasy-war-of-dragons-d3fe97319dc9,2022-02-04,Pili Fantasy: War of Dragons,Ye Xiao Chai,"6 February, 2022 at 8 AM PT",40.00,"5,888",,Rare,First Appearance,,Pili International Multimedia,Pili Fantasy: War of Dragons,1,,,,Globally,
https://medium.com/veve-collectibles/pili-fantasy-war-of-dragons-d3fe97319dc9,2022-02-04,Pili Fantasy: War of Dragons,Hua Xin Feng,"6 February, 2022 at 8 AM PT",40.00,"3,888",,Ultra Rare,First Appearance,,Pili International Multimedia,Pili Fantasy: War of Dragons,1,,,,Globally,
https://medium.com/veve-collectibles/marvel-digital-comics-hero-for-hire-1-390303a25387,2022-02-07,Marvel Digital Comics — Hero For Hire #1,This release includes VeVe Exclusive Rare and Ultra Rare covers by Mike McKone and Israel Silva.,"8 February 2022, 8 AM PT",6.99,,"30,000",,,,Marvel,,,,5,1972,,
https://medium.com/veve-collectibles/marvel-digital-comics-black-panther-1998-1-8a77bd4c160f,2022-02-09,Marvel Digital Comics — Black Panther (1998) #1,This release features VeVe Exclusive Rare & Ultra Rare covers by Marco Turini.,"10 February 2022, 8 AM PT",6.99,,"30,000",,,,Marvel,,,,5,1998,,
https://medium.com/veve-collectibles/marvel-digital-comics-uncanny-x-men-170-d49da640f1ed,2022-02-11,Marvel Digital Comics — Uncanny X-Men #170,This release features VeVe Exclusive Rare & Ultra Rare covers by Skan.,"12 February 2022, 8 AM PT",6.99,,"30,000",,,,Marvel,,,,5,1983,,
https://medium.com/veve-collectibles/disney-golden-moments-valentines-day-8ba2ed996913,2022-02-12,Disney Golden Moments — Valentine’s Day,Donald Duck and Daisy Duck — Crazy Over Daisy,"14 February, 12 PM PT",60.00,"13,333",,Common,First Appearance,,Disney,Golden Moments,Valentine’s Day,,,,Globally,
https://medium.com/veve-collectibles/disney-golden-moments-valentines-day-8ba2ed996913,2022-02-12,Disney Golden Moments — Valentine’s Day,Lady and the Tramp — On This Lovely Bella Notte,"14 February, 12 PM PT",60.00,"7,777",,Rare,First Appearance,,Disney,Golden Moments,Valentine’s Day,,,,Globally,
https://medium.com/veve-collectibles/marvel-digital-comics-fantastic-four-annual-3-919c3d241562,2022-02-13,Marvel Digital Comics — Fantastic Four Annual #3,This release includes VeVe Exclusive Rare and Ultra Rare covers by Todd Nauck.,"14 February 2022, 8 AM PT",6.99,,"30,000",,,,Marvel,,,,5,1965,,
https://medium.com/veve-collectibles/marvel-digital-comics-marvel-premiere-21-40ff57e07766,2022-02-15,Marvel Digital Comics — Marvel Premiere #21,This release includes VeVe Exclusive Rare and Ultra Rare covers by Alex Saviuk.,"16 February 2022, 8 AM PT",6.99,,"10,000",,,,Marvel,,,,5,1975,,
https://medium.com/veve-collectibles/marvel-digital-comics-spider-men-1-6fb0e619ffe5,2022-02-17,Marvel Digital Comics — Spider-Men #1,Spider-Men #1,"18 February 2022, 8 AM PT",6.99,,"30,000",,,,Marvel,,,,5,2012,,
https://medium.com/veve-collectibles/james-bond-007-no-time-to-die-posters-s5-89a70eb66968,2022-02-19,James Bond 007 — No Time To Die — Posters S5,No Time To Die Poster S5 —Glider Blueprint,"20 February 2022, 8 AM PT",87.00,"6,007",,Rare,,,James Bond,No Time To Die,Poster S5,,,,Globally,
https://medium.com/veve-collectibles/james-bond-007-no-time-to-die-triumph-motorcycle-a6935eb8b506,2022-02-19,James Bond 007 — No Time To Die — Triumph Motorcycle,No Time To Die — Triumph Motorcycle,"20 February 2022, 12 PM PT",87.00,"9,007",,Rare,First Edition,,James Bond,No Time To Die,Triumph Motorcycle,,,,Globally,
https://medium.com/veve-collectibles/marvel-digital-comics-vote-loki-1-f311f735d2e3,2022-02-20,Marvel Digital Comics — Vote Loki #1,This release features VeVe Exclusive Rare & Ultra Rare covers by Brent Schoonover.,"21 February 2022, 8 AM PT",6.99,,"30,000",,,,Marvel,,,,5,2016,,
https://medium.com/veve-collectibles/marvel-black-panther-e3a7a2998989,2022-02-22,Marvel — Black Panther,Black Panther — Wakanda Forever,"23 February 2022, 8 AM PT",50.00,"21,800",,Common,First Appearance,,Marvel,Black Panther,1,,,,Globally,
https://medium.com/veve-collectibles/marvel-black-panther-e3a7a2998989,2022-02-22,Marvel — Black Panther,Black Panther — Panther Pounce,"23 February 2022, 8 AM PT",50.00,"18,800",,Uncommon,First Appearance,,Marvel,Black Panther,1,,,,Globally,
https://medium.com/veve-collectibles/marvel-black-panther-e3a7a2998989,2022-02-22,Marvel — Black Panther,Black Panther — Vibranium Warrior,"23 February 2022, 8 AM PT",50.00,"8,800",,Rare,First Appearance,,Marvel,Black Panther,1,,,,Globally,
https://medium.com/veve-collectibles/marvel-black-panther-e3a7a2998989,2022-02-22,Marvel — Black Panther,Black Panther — Animated,"23 February 2022, 8 AM PT",50.00,"5,800",,Ultra Rare,First Appearance,,Marvel,Black Panther,1,,,,Globally,
https://medium.com/veve-collectibles/marvel-black-panther-e3a7a2998989,2022-02-22,Marvel — Black Panther,Black Panther — Ultimate Animated,"23 February 2022, 8 AM PT",50.00,"2,800",,Secret Rare,First Appearance,,Marvel,Black Panther,1,,,,Globally,
https://medium.com/veve-collectibles/marvel-digital-comics-jungle-action-6-b84622482960,2022-02-22,Marvel Digital Comics — Jungle Action #6,This release includes VeVe Exclusive Rare & Ultra Rare covers by Stephen Mooney.,"24 February 2022, 8 AM PT",6.99,,"30,000",,,,Marvel,,,,5,1973,,
https://medium.com/veve-collectibles/james-bond-nttd-aston-martin-db5-da6f016ac7d8,2022-02-24,James Bond — NTTD — Aston Martin DB5,No Time To Die — Aston Martin DB5 — S1,"26 February 2022, 8 AM PT",307.00,"2,507",,Ultra Rare,First Edition,,James Bond,No Time To Die,Aston Martin DB5 — S1,,,,Globally,
https://medium.com/veve-collectibles/james-bond-nttd-aston-martin-db5-da6f016ac7d8,2022-02-24,James Bond — NTTD — Aston Martin DB5,No Time To Die — Aston Martin DB5 (Interactive) — S2,"26 February 2022, 12 PM PT","1,007.00",507,,Secret Rare,First Edition,,James Bond,No Time To Die,Aston Martin DB5 — S2,,,,Globally,
https://medium.com/veve-collectibles/james-bond-nttd-aston-martin-db5-da6f016ac7d8,2022-02-24,James Bond — NTTD — Aston Martin DB5,No Time To Die — Aston Martin DB5 (007 Interactive) — S2,"26 February 2022, 12 PM PT","1,007.00",7,,Secret Rare,First Edition,,James Bond,No Time To Die,Aston Martin DB5 — S2,,,,Globally,
https://medium.com/veve-collectibles/marvel-digital-comics-uncanny-x-men-282-fd3f4648538f,2022-02-24,Marvel Digital Comics — Uncanny X-Men #282,This release includes VeVe Exclusive Rare & Ultra Rare covers by Carlos Gomez.,"25 February 2022, 8 AM PT",6.99,,"30,000",,,,Marvel,,,,5,1991,,
https://medium.com/veve-collectibles/marvel-digital-comics-marvel-spotlight-5-c1a96857d88a,2022-02-27,Marvel Digital Comics — Marvel Spotlight #5,This release features VeVe-Exclusive Rare and Ultra Rare covers by Valerio Giangiordano.,"28 February 2022, 8 AM PT",6.99,,"30,000",,,,Marvel,,,,5,1972,,
https://medium.com/veve-collectibles/marvel-digital-comics-tales-of-suspense-77-7f8e455449af,2022-03-01,Marvel Digital Comics — Tales of Suspense #77,This release features VeVe-Exclusive Rare and Ultra Rare covers by Todd Nauck and Rachelle Rosenberg.,"2 March 2022, 8 AM PT",6.99,,"30,000",,,,Marvel,,,,5,1966,,
https://medium.com/veve-collectibles/matt-gondeks-weapon-racks-s1-d211694b61eb,2022-03-02,Matt Gondek’s Weapon Racks — S1,Weapon Racks — Pink Silver,"5 March, 8 AM PT",60.00,"7,777",,Common,First Edition,,Matt Gondek,Weapon Racks,1,,,,Globally,
https://medium.com/veve-collectibles/matt-gondeks-weapon-racks-s1-d211694b61eb,2022-03-02,Matt Gondek’s Weapon Racks — S1,Weapon Racks — Pink Blue,"5 March, 8 AM PT",60.00,"6,777",,Uncommon,First Edition,,Matt Gondek,Weapon Racks,1,,,,Globally,
https://medium.com/veve-collectibles/matt-gondeks-weapon-racks-s1-d211694b61eb,2022-03-02,Matt Gondek’s Weapon Racks — S1,Weapon Racks — Silver Black,"5 March, 8 AM PT",60.00,"4,777",,Rare,First Edition,,Matt Gondek,Weapon Racks,1,,,,Globally,
https://medium.com/veve-collectibles/matt-gondeks-weapon-racks-s1-d211694b61eb,2022-03-02,Matt Gondek’s Weapon Racks — S1,Weapon Racks — Gold Black,"5 March, 8 AM PT",60.00,"1,777",,Ultra Rare,First Edition,,Matt Gondek,Weapon Racks,1,,,,Globally,
https://medium.com/veve-collectibles/marvel-digital-comics-fantastic-four-265-5971a9b084d0,2022-03-03,Marvel Digital Comics — Fantastic Four #265,Fantastic Four #265,"4 March 2022, 8 AM PT",6.99,,"10,000",,,,Marvel,,,,5,1984,,
https://medium.com/veve-collectibles/matt-gondek-failure-of-control-f9948435acb1,2022-03-04,Matt Gondek — Failure of Control,Failure of Control,"5 March 2022, 12 PM PT",200.00,"5,000",,Rare,First Edition,,Matt Gondek,Deconstructed Pop Art,Failure of Control,,,,Globally,
https://medium.com/veve-collectibles/marvel-digital-comics-amazing-spider-man-86-ab7b9b0ffcc,2022-03-06,Marvel Digital Comics — Amazing Spider-Man #86,This release features VeVe-Exclusive Rare and Ultra Rare covers by Ivan Tao.,"7 March 2022, 8 AM PT",6.99,,"30,000",,,,Marvel,,,,5,1970,,
https://medium.com/veve-collectibles/marvel-digital-comics-ms-marvel-16-7a5c61b4944c,2022-03-08,Marvel Digital Comics —Ms. Marvel #16,Ms. Marvel #16 features VeVe-Exclusive Rare & Ultra Rare covers by Nicoletta Baldari.,"9 March 2022, 8 AM PT",6.99,,"30,000",,,,Marvel,,,,5,1978,,
https://medium.com/veve-collectibles/marvel-digital-comics-uncanny-x-men-96-68ec251a978c,2022-03-10,Marvel Digital Comics — Uncanny X-Men #96,This release features VeVe-Exclusive Rare & Ultra Rare covers by Marco Turini.,"11 March 2022, 8 AM PT",6.99,,"30,000",,,,Marvel,,,,5,1975,,
https://medium.com/veve-collectibles/ron-english-ukraine-relief-project-3b2da6333335,2022-03-11,Ron English — Ukraine Relief Project,Grade School Guernica 2022,12 March 2022 8 AM PT,100.00,"4,444",,Secret Rare,First Edition,,Ron English,Ukraine Relief Project,Grade School Guernica,,,,Globally,
https://medium.com/veve-collectibles/ron-english-ukraine-relief-project-3b2da6333335,2022-03-11,Ron English — Ukraine Relief Project,Sunflower Grin — Special Mission — Silver,12 March 2022 12 PM PT,60.00,"5,555",,Ultra Rare,First Edition,,Ron English,Ukraine Relief Project,Sunflower Grin — Special Mission,,,,Globally,
https://medium.com/veve-collectibles/ron-english-ukraine-relief-project-3b2da6333335,2022-03-11,Ron English — Ukraine Relief Project,Sunflower Grin — Special Mission — Gold,12 March 2022 12 PM PT,60.00,"5,555",,Ultra Rare,First Edition,,Ron English,Ukraine Relief Project,Sunflower Grin — Special Mission,,,,Globally,
https://medium.com/veve-collectibles/disney-pixar-pals-25c6da53ab8e,2022-03-12,Disney — PIXAR PALS,Blind Boxes,"13 March, 8 AM PDT",60.00,"13,999",,Common,First Appearance,,Disney,PIXAR,PIXAR PALS,,,,Globally,
https://medium.com/veve-collectibles/disney-pixar-pals-25c6da53ab8e,2022-03-12,Disney — PIXAR PALS,Blind Boxes,"13 March, 8 AM PDT",60.00,"13,999",,Common,First Appearance,,Disney,PIXAR,PIXAR PALS,,,,Globally,
https://medium.com/veve-collectibles/disney-pixar-pals-25c6da53ab8e,2022-03-12,Disney — PIXAR PALS,Blind Boxes,"13 March, 8 AM PDT",60.00,"10,999",,Uncommon,First Appearance,,Disney,PIXAR,PIXAR PALS,,,,Globally,
https://medium.com/veve-collectibles/disney-pixar-pals-25c6da53ab8e,2022-03-12,Disney — PIXAR PALS,Blind Boxes,"13 March, 8 AM PDT",60.00,"8,999",,Rare,First Edition,,Disney,PIXAR,PIXAR PALS,,,,Globally,
https://medium.com/veve-collectibles/disney-pixar-pals-25c6da53ab8e,2022-03-12,Disney — PIXAR PALS,Blind Boxes,"13 March, 8 AM PDT",60.00,"6,999",,Ultra Rare,First Appearance,,Disney,PIXAR,PIXAR PALS,,,,Globally,
https://medium.com/veve-collectibles/marvel-digital-comics-deadpool-1-5a6d7b7af381,2022-03-13,Marvel Digital Comics — Deadpool #1,This release features VeVe-Exclusive Rare & Ultra Rare covers by Junggeun Yoon.,"14 March 2022, 8 AM PDT",6.99,,"30,000",,,,Marvel,,,,5,1997,,
https://medium.com/veve-collectibles/marvel-digital-comics-spider-woman-37-5fdb80079281,2022-03-16,Marvel Digital Comics — Spider-Woman #37,This release features VeVe-Exclusive Rare & Ultra Rare covers by Romina Jones.,"17 March 2022, 8 AM PDT",6.99,,"30,000",,,,Marvel,,,,5,1981,,
https://medium.com/veve-collectibles/marvel-digital-comics-nyx-3-461739a2d4a1,2022-03-17,Marvel Digital Comics — NYX #3,This release features VeVe-Exclusive Rare & Ultra Rare covers by Will Sliney and Frankie D’Armata.,"18 March 2022, 8 AM PDT",6.99,,"30,000",,,,Marvel,,,,5,2003,,
https://medium.com/veve-collectibles/disney-golden-moments-disney-duos-1bfab135c75a,2022-03-18,Disney Golden Moments — Disney Duos,Timon and Pumbaa,"19 March, 8 AM PT",60.00,"13,333",,Common,First Appearance,,Disney,Golden Moments,Disney Duos,,,,Globally,
https://medium.com/veve-collectibles/disney-golden-moments-disney-duos-1bfab135c75a,2022-03-18,Disney Golden Moments — Disney Duos,Winnie the Pooh and Piglet,"19 March, 8 AM PT",60.00,"13,333",,Common,First Appearance,,Disney,Golden Moments,Disney Duos,,,,Globally,
https://medium.com/veve-collectibles/disney-golden-moments-disney-duos-1bfab135c75a,2022-03-18,Disney Golden Moments — Disney Duos,Cogsworth and Lumiere,"19 March, 8 AM PT",60.00,"10,333",,Uncommon,First Appearance,,Disney,Golden Moments,Disney Duos,,,,Globally,
https://medium.com/veve-collectibles/disney-golden-moments-disney-duos-1bfab135c75a,2022-03-18,Disney Golden Moments — Disney Duos,Flounder and Sebastian,"19 March, 8 AM PT",60.00,"8,333",,Rare,First Appearance,,Disney,Golden Moments,Disney Duos,,,,Globally,
https://medium.com/veve-collectibles/disney-golden-moments-disney-duos-1bfab135c75a,2022-03-18,Disney Golden Moments — Disney Duos,Chip n’ Dale,"19 March, 8 AM PT",60.00,"6,333",,Ultra Rare,First Appearance,,Disney,Golden Moments,Disney Duos,,,,Globally,
https://medium.com/veve-collectibles/marvels-daredevil-elektra-7d822be98ef6,2022-03-19,Marvel’s Daredevil — Elektra,Elektra — Perfect Death,"20 March 2022, 8 AM PDT",50.00,"12,850",,Common,First Appearance,,Marvel,Daredevil,Elektra,,,,Globally,
https://medium.com/veve-collectibles/marvels-daredevil-elektra-7d822be98ef6,2022-03-19,Marvel’s Daredevil — Elektra,Elektra — Weapon of the Hand,"20 March 2022, 8 AM PDT",50.00,"9,850",,Uncommon,First Appearance,,Marvel,Daredevil,Elektra,,,,Globally,
https://medium.com/veve-collectibles/marvels-daredevil-elektra-7d822be98ef6,2022-03-19,Marvel’s Daredevil — Elektra,Elektra — Lady Daredevil,"20 March 2022, 8 AM PDT",50.00,"6,850",,Rare,First Appearance,,Marvel,Daredevil,Elektra,,,,Globally,
https://medium.com/veve-collectibles/marvels-daredevil-elektra-7d822be98ef6,2022-03-19,Marvel’s Daredevil — Elektra,Elektra — Ultimate Animated,"20 March 2022, 8 AM PDT",50.00,"2,802",,Secret Rare,First Appearance,,Marvel,Daredevil,Elektra,,,,Globally,
https://medium.com/veve-collectibles/marvel-digital-comics-what-if-105-b044c4e34876,2022-03-20,Marvel Digital Comics — What If #105,This release features VeVe-Exclusive Rare & Ultra Rare covers by Ron Lim and Israel Silva.,"21 March 2022, 8 AM PDT",6.99,,"30,000",,,,Marvel,,,,5,1998,,
https://medium.com/veve-collectibles/marvel-digital-comics-night-nurse-1-4ca896e7f85,2022-03-22,Marvel Digital Comics — Night Nurse #1,This release includes VeVe-Exclusive Rare & Ultra Rare covers by Alex Saviuk and Rachelle Rosenberg.,"23 March 2022, 8 AM PDT",6.99,,"30,000",,,,Marvel,,,,5,1972,,
https://medium.com/veve-collectibles/gary-baseman-toby-f360f7538335,2022-03-24,Gary Baseman — Toby,Welcoming Toby,"26 March 2022, 12 PM PT",50.00,"7,777",,Common,First Edition,,Gary Baseman,Toby,1,,,,Globally,
https://medium.com/veve-collectibles/gary-baseman-toby-f360f7538335,2022-03-24,Gary Baseman — Toby,Rushing Toby,"26 March 2022, 12 PM PT",50.00,"7,777",,Common,First Edition,,Gary Baseman,Toby,1,,,,Globally,
https://medium.com/veve-collectibles/gary-baseman-toby-f360f7538335,2022-03-24,Gary Baseman — Toby,Lounging Toby,"26 March 2022, 12 PM PT",50.00,"5,555",,Uncommon,First Edition,,Gary Baseman,Toby,1,,,,Globally,
https://medium.com/veve-collectibles/gary-baseman-toby-f360f7538335,2022-03-24,Gary Baseman — Toby,Head Over Heels Toby,"26 March 2022, 12 PM PT",50.00,"4,444",,Rare,First Edition,,Gary Baseman,Toby,1,,,,Globally,
https://medium.com/veve-collectibles/gary-baseman-toby-f360f7538335,2022-03-24,Gary Baseman — Toby,Snickering Toby,"26 March 2022, 12 PM PT",50.00,"3,333",,Ultra Rare,First Edition,,Gary Baseman,Toby,1,,,,Globally,
https://medium.com/veve-collectibles/gary-baseman-toby-f360f7538335,2022-03-24,Gary Baseman — Toby,Floating Toby,"26 March 2022, 12 PM PT",50.00,"1,960",,Secret Rare,First Edition,,Gary Baseman,Toby,1,,,,Globally,
https://medium.com/veve-collectibles/marvel-digital-comics-strange-tales-180-3e17dda4c8d7,2022-03-24,Marvel Digital Comics —Strange Tales #180,This release features VeVe-Exclusive Rare & Ultra Rare covers by David Lopez.,"25 March 2022, 8 AM PT",6.99,,"10,000",,,,Marvel,,,,5,1975,,
https://medium.com/veve-collectibles/usps-stamp-art-title-ix-1b13d13ad348,2022-03-25,USPS — Stamp Art — Title IX,Title IX — Gymnast,"26 March 2022, 8 AM PT",6.00,"7,777",,Common,First Edition,,USPS,Title IX,1,,,,Globally,
https://medium.com/veve-collectibles/usps-stamp-art-title-ix-1b13d13ad348,2022-03-25,USPS — Stamp Art — Title IX,Title IX —Swimmer,"26 March 2022, 8 AM PT",6.00,"6,777",,Uncommon,First Edition,,USPS,Title IX,1,,,,Globally,
https://medium.com/veve-collectibles/usps-stamp-art-title-ix-1b13d13ad348,2022-03-25,USPS — Stamp Art — Title IX,Title IX — Runner,"26 March 2022, 8 AM PT",6.00,"5,777",,Rare,First Edition,,USPS,Title IX,1,,,,Globally,
https://medium.com/veve-collectibles/usps-stamp-art-title-ix-1b13d13ad348,2022-03-25,USPS — Stamp Art — Title IX,Title IX — Soccer Player,"26 March 2022, 8 AM PT",6.00,"4,777",,Ultra Rare,First Edition,,USPS,Title IX,1,,,,Globally,
https://medium.com/veve-collectibles/usps-stamp-art-title-ix-1b13d13ad348,2022-03-25,USPS — Stamp Art — Title IX,Title IX — Block of 4,"26 March 2022, 8 AM PT",6.00,"1,957",,Secret Rare,First Edition,,USPS,Title IX,1,,,,Globally,
https://medium.com/veve-collectibles/marvel-digital-comics-uncanny-x-men-200-f2d69056cf43,2022-03-27,Marvel Digital Comics — Uncanny X-Men #200,This release features VeVe-Exclusive Rare & Ultra Rare covers by Logan Lubera with colors by Rachelle Rosenberg.,"28 March 2022, 8 AM PDT",6.99,,"30,000",,,,Marvel,,,,5,1985,,
https://medium.com/veve-collectibles/rewind-collective-house-of-cards-d7b66d86dfdb,2022-03-29,Rewind Collective — House of Cards,Mulan,"31 March 2022, 8 AM PT",90.00,999,,Ultra Rare,,,Rewind Collective,House of Cards,"1, Pt. 2",,,,Globally,
https://medium.com/veve-collectibles/rewind-collective-house-of-cards-d7b66d86dfdb,2022-03-29,Rewind Collective — House of Cards,Joan of Arc,"31 March 2022, 8 AM PT",90.00,999,,Ultra Rare,,,Rewind Collective,House of Cards,"1, Pt. 2",,,,Globally,
https://medium.com/veve-collectibles/rewind-collective-house-of-cards-d7b66d86dfdb,2022-03-29,Rewind Collective — House of Cards,Queen Elizabeth I,"31 March 2022, 8 AM PT",90.00,999,,Ultra Rare,,,Rewind Collective,House of Cards,"1, Pt. 2",,,,Globally,
https://medium.com/veve-collectibles/rewind-collective-house-of-cards-d7b66d86dfdb,2022-03-29,Rewind Collective — House of Cards,Pocahontas,"31 March 2022, 8 AM PT",90.00,999,,Ultra Rare,,,Rewind Collective,House of Cards,"1, Pt. 2",,,,Globally,
https://medium.com/veve-collectibles/rewind-collective-house-of-cards-d7b66d86dfdb,2022-03-29,Rewind Collective — House of Cards,Frida Kahlo,"31 March 2022, 8 AM PT",90.00,999,,Ultra Rare,,,Rewind Collective,House of Cards,"1, Pt. 2",,,,Globally,
https://medium.com/veve-collectibles/rewind-collective-house-of-cards-d7b66d86dfdb,2022-03-29,Rewind Collective — House of Cards,Anne Boleyn,"31 March 2022, 8 AM PT",90.00,999,,Ultra Rare,,,Rewind Collective,House of Cards,"1, Pt. 2",,,,Globally,
https://medium.com/veve-collectibles/rewind-collective-house-of-cards-d7b66d86dfdb,2022-03-29,Rewind Collective — House of Cards,Emmeline Pankhurst,"31 March 2022, 8 AM PT",90.00,999,,Ultra Rare,,,Rewind Collective,House of Cards,"1, Pt. 2",,,,Globally,
https://medium.com/veve-collectibles/rewind-collective-house-of-cards-d7b66d86dfdb,2022-03-29,Rewind Collective — House of Cards,Harriet Tubman,"31 March 2022, 8 AM PT",90.00,999,,Ultra Rare,,,Rewind Collective,House of Cards,"1, Pt. 2",,,,Globally,
https://medium.com/veve-collectibles/marvel-digital-comics-amazing-spider-man-101-cbf53716cfe8,2022-03-29,Marvel Digital Comics — Amazing Spider-Man #101,This release features VeVe-Exclusive Rare & Ultra Rare covers by Stephen Segovia and Israel Silva.,"30 March 2022, 8 AM PT",6.99,,"30,000",,,,Marvel,,,,5,1971,,
https://medium.com/veve-collectibles/marvel-digital-comics-not-brand-echh-1-2254dd47e327,2022-03-31,Marvel Digital Comics — Not Brand Echh #1,Not Brand Echh #1,"1 April 2022, 8 AM PT",6.99,,"10,000",,,,Marvel,,,,5,1967,,
https://medium.com/veve-collectibles/the-disney-mickey-mouse-nft-collection-bandleader-mickey-94ca4d41f82b,2022-04-01,The Disney Mickey Mouse NFT Collection — Bandleader Mickey,Let’s Begin!,"2 April, 2022 at 8 AM PT",60.00,"18,928",,Common,,,Disney,The Mickey Mouse NFT Collection,Bandleader Mickey,,,,Globally,
https://medium.com/veve-collectibles/the-disney-mickey-mouse-nft-collection-bandleader-mickey-94ca4d41f82b,2022-04-01,The Disney Mickey Mouse NFT Collection — Bandleader Mickey,This 3D collectible captures Mickey doing his best to continue conducting despite the concert going terribly awry!,"2 April, 2022 at 8 AM PT",60.00,"13,928",,Uncommon,,,Disney,The Mickey Mouse NFT Collection,Bandleader Mickey,,,,Globally,
https://medium.com/veve-collectibles/the-disney-mickey-mouse-nft-collection-bandleader-mickey-94ca4d41f82b,2022-04-01,The Disney Mickey Mouse NFT Collection — Bandleader Mickey,The Finale!,"2 April, 2022 at 8 AM PT",60.00,"6,928",,Ultra Rare,,,Disney,The Mickey Mouse NFT Collection,Bandleader Mickey,,,,Globally,
https://medium.com/veve-collectibles/knight-rider-k-i-t-t-fbb03689f7bb,2022-04-02,Knight Rider — K.I.T.T.,K.I.T.T.,"3 April, 12 PM PT",120.00,"9,500",,Rare,First Edition,,Universal Games and Digital Platforms,Knight Rider,K.I.T.T.,,,,Globally,
https://medium.com/veve-collectibles/marvel-digital-comics-werewolf-by-night-32-8cc509670f86,2022-04-03,Marvel Digital Comics —Werewolf by Night #32,This release features VeVe-Exclusive Rare & Ultra Rare covers by Ario Anindito.,"4 April 2022, 8 AM PT",6.99,,"30,000",,,,Marvel,,,,5,1975,,
https://medium.com/veve-collectibles/marvel-studios-moon-knight-50f04ad7f112,2022-04-05,Marvel Studios — Moon Knight,Embrace the chaos. This must-have digital collectible features Moon Knight in premium digital format.,"6 April 2022, 8 AM PT",50.00,"13,800",,Common,First Appearance,,Marvel,Moon Knight,Moon Knight,,,,Globally,
https://medium.com/veve-collectibles/marvel-studios-moon-knight-50f04ad7f112,2022-04-05,Marvel Studios — Moon Knight,Moon Knight 2,"6 April 2022, 8 AM PT",50.00,"4,800",,Ultra Rare,First Appearance,,Marvel,Moon Knight,Moon Knight,,,,Globally,
https://medium.com/veve-collectibles/marvel-studios-moon-knight-50f04ad7f112,2022-04-05,Marvel Studios — Moon Knight,He means business. This must-have digital collectible features Mr. Knight in premium digital format.,"6 April 2022, 12 PM PT",50.00,"13,800",,Common,First Appearance,,Marvel,Moon Knight,Mr. Knight,,,,Globally,
https://medium.com/veve-collectibles/marvel-studios-moon-knight-50f04ad7f112,2022-04-05,Marvel Studios — Moon Knight,Mr. Knight 2,"6 April 2022, 12 PM PT",50.00,"4,800",,Ultra Rare,First Appearance,,Marvel,Moon Knight,Mr. Knight,,,,Globally,
https://medium.com/veve-collectibles/marvel-digital-comics-inhumans-5-f00b73910ed,2022-04-07,Marvel Digital Comics — Inhumans #5,This release features VeVe-Exclusive Rare & Ultra Rare covers by Ema Lupacchino and Rachelle Rosenberg.,"8 April 2022, 8 AM PT",6.99,,"30,000",,,,Marvel,,,,5,1999,,
https://medium.com/veve-collectibles/batman-black-white-series-6-4c13b08f505,2022-04-08,Batman: Black & White — Series 6,Jim Lee Batman V3,"9 April 2022, 8 AM PT",40.00,"16,800",,Common,,,DC Direct,Batman Black & White,6,,,,Globally,
https://medium.com/veve-collectibles/batman-black-white-series-6-4c13b08f505,2022-04-08,Batman: Black & White — Series 6,Doug Mahnke Batman,"9 April 2022, 8 AM PT",50.00,"12,800",,Uncommon,,,DC Direct,Batman Black & White,6,,,,Globally,
https://medium.com/veve-collectibles/batman-black-white-series-6-4c13b08f505,2022-04-08,Batman: Black & White — Series 6,Kenneth Rocafort Batman,"9 April 2022, 8 AM PT",60.00,"6,800",,Rare,,,DC Direct,Batman Black & White,6,,,,Globally,
https://medium.com/veve-collectibles/batman-black-white-series-6-4c13b08f505,2022-04-08,Batman: Black & White — Series 6,Rafael Grampá Batman,"9 April 2022, 8 AM PT",90.00,"3,800",,Ultra Rare,,,DC Direct,Batman Black & White,6,,,,Globally,
https://medium.com/veve-collectibles/usps-stamp-art-take-me-out-to-the-ball-game-3a0bcd30de2,2022-04-08,USPS — Stamp Art — Take Me Out to the Ball Game,Take Me Out to the Ball Game,"10 April 2022, 8 AM PT",6.00,"7,123",,Rare,First Edition,,USPS,Stamp Art,Take Me Out to the Ball Game,,,,Globally,
https://medium.com/veve-collectibles/coca-cola-creations-starlight-e43a054d7928,2022-04-08,Coca-Cola Creations— Starlight,Coca-Cola Starlight Can,"10 April, 12 PM PT",40.00,"14,985",,Common,First Edition,,Coca-Cola,Starlight,Starlight S1,,,,Globally,
https://medium.com/veve-collectibles/coca-cola-creations-starlight-e43a054d7928,2022-04-08,Coca-Cola Creations— Starlight,Starlight Orb,"10 April, 12 PM PT",40.00,"11,985",,Uncommon,First Edition,,Coca-Cola,Starlight,Starlight S1,,,,Globally,
https://medium.com/veve-collectibles/coca-cola-creations-starlight-e43a054d7928,2022-04-08,Coca-Cola Creations— Starlight,Coca-Cola Creations Footprint,"10 April, 12 PM PT",40.00,"8,985",,Rare,First Edition,,Coca-Cola,Starlight,Starlight S1,,,,Globally,
https://medium.com/veve-collectibles/coca-cola-creations-starlight-e43a054d7928,2022-04-08,Coca-Cola Creations— Starlight,1985 Coca-Cola Space Can,"10 April, 12 PM PT",40.00,"2,985",,Ultra Rare,First Edition,,Coca-Cola,Starlight,Starlight S1,,,,Globally,
https://medium.com/veve-collectibles/marvel-digital-comics-fallen-son-the-death-of-captain-america-1-5-ffb229758a0,2022-04-10,Marvel Digital Comics — Fallen Son: The Death of Captain America 1–5,This release features VeVe-Exclusive Rare & Ultra Rare covers by Mike McKone and Israel Silva.,"11 April 2022, 8 AM PT",6.99,,"30,000",,,,Marvel,,,,5,2007,,
https://medium.com/veve-collectibles/marvel-digital-comics-fallen-son-the-death-of-captain-america-1-5-ffb229758a0,2022-04-10,Marvel Digital Comics — Fallen Son: The Death of Captain America 1–5,"This release features VeVe Exclusive Rare & Ultra Rare covers by Ron Frenz, Brett Breeding and Edgar Delgado.","12 April 2022, 8 AM PT",6.99,,"30,000",,,,Marvel,,,,5,2007,,
https://medium.com/veve-collectibles/marvel-digital-comics-fallen-son-the-death-of-captain-america-1-5-ffb229758a0,2022-04-10,Marvel Digital Comics — Fallen Son: The Death of Captain America 1–5,This release features VeVe Exclusive Rare & Ultra Rare covers by Brent Schoonover and Rachelle Rosenberg.,"13 April 2022, 8 AM PT",6.99,,"30,000",,,,Marvel,,,,5,2007,,
https://medium.com/veve-collectibles/marvel-digital-comics-fallen-son-the-death-of-captain-america-1-5-ffb229758a0,2022-04-10,Marvel Digital Comics — Fallen Son: The Death of Captain America 1–5,This release features VeVe Exclusive Rare & Ultra Rare covers by Alex Saviuk and Rachelle Rosenberg.,"14 April 2022, 8 AM PT",6.99,,"30,000",,,,Marvel,,,,5,2007,,
https://medium.com/veve-collectibles/marvel-digital-comics-fallen-son-the-death-of-captain-america-1-5-ffb229758a0,2022-04-10,Marvel Digital Comics — Fallen Son: The Death of Captain America 1–5,"This release features VeVe Exclusive Rare & Ultra Rare covers by Dan Jurgens, Brett Breeding and Edgar Delgado.","15 April 2022, 8 AM PT",6.99,,"30,000",,,,Marvel,,,,5,2007,,
https://medium.com/veve-collectibles/matt-gondek-deadbeats-ccdf952a7198,2022-04-15,Matt Gondek — DEADBEATS,Does twenty things at once. Armed with a spiked baseball bat. Drinks 20 cups of coffee a day. Likes to smash things.,"17 April 2022, 8 AM PT",60.00,"7,777",,Common,First Edition,,Matt Gondek,DEADBEATS,1,,,,Globally,
https://medium.com/veve-collectibles/matt-gondek-deadbeats-ccdf952a7198,2022-04-15,Matt Gondek — DEADBEATS,Aaron,"17 April 2022, 8 AM PT",60.00,"6,777",,Uncommon,First Edition,,Matt Gondek,DEADBEATS,1,,,,Globally,
https://medium.com/veve-collectibles/matt-gondek-deadbeats-ccdf952a7198,2022-04-15,Matt Gondek — DEADBEATS,Shy but deadly. Armed with a machete and spray paint. Loves plants and attacking Aaron.,"17 April 2022, 8 AM PT",60.00,"4,777",,Rare,First Edition,,Matt Gondek,DEADBEATS,1,,,,Globally,
https://medium.com/veve-collectibles/matt-gondek-deadbeats-ccdf952a7198,2022-04-15,Matt Gondek — DEADBEATS,The manager. Armed with explosives and always on the phone. His shoes are always very clean.,"17 April 2022, 8 AM PT",60.00,"1,777",,Ultra Rare,First Edition,,Matt Gondek,DEADBEATS,1,,,,Globally,
https://medium.com/veve-collectibles/matt-gondek-deadbeats-ccdf952a7198,2022-04-15,Matt Gondek — DEADBEATS,Hides behind a mask. Carries the skull of his enemies as a trophy. Works in HR.,,n/a,"5,000",,Secret Rare,First Edition,,Matt Gondek,DEADBEATS,1,,,,Globally,
https://medium.com/veve-collectibles/marvel-digital-comics-x-men-25-5057cc971016,2022-04-19,Marvel Digital Comics — X-Men #25,"This release features VeVe-Exclusive Rare & Ultra Rare covers by Sergio Davila, Sean Parsons, and Jesus Aburtov.","20 April 2022, 8 AM PT",6.99,,"30,000",,,,Marvel,,,,5,1993,,
https://medium.com/veve-collectibles/marvel-digital-comics-marvel-team-up-1-b25225e249dc,2022-04-21,Marvel Digital Comics — Marvel Team-Up #1,This release features VeVe-Exclusive Rare & Ultra Rare covers by Will Sliney and Rachelle Rosenberg.,"22 April 2022, 8 AM PT",6.99,,"30,000",,,,Marvel,,,,5,1972,,
https://medium.com/veve-collectibles/disney-villains-series-1-fae7935d5f2b,2022-04-22,Disney Villains — Series 1,Blind Boxes,"23 April, 8 AM PT",20.00,"13,928",,Common,First Appearance,,Disney,Disney Villains,Series 1,,,,,
https://medium.com/veve-collectibles/disney-villains-series-1-fae7935d5f2b,2022-04-22,Disney Villains — Series 1,Blind Boxes,"23 April, 8 AM PT",20.00,"9,999",,Uncommon,First Appearance,,Disney,Disney Villains,Series 1,,,,,
https://medium.com/veve-collectibles/disney-villains-series-1-fae7935d5f2b,2022-04-22,Disney Villains — Series 1,Blind Boxes,"23 April, 8 AM PT",20.00,"8,888",,Rare,First Appearance,,Disney,Disney Villains,Series 1,,,,,
https://medium.com/veve-collectibles/disney-villains-series-1-fae7935d5f2b,2022-04-22,Disney Villains — Series 1,Blind Boxes,"23 April, 8 AM PT",20.00,"6,666",,Ultra Rare,First Appearance,,Disney,Disney Villains,Series 1,,,,,
https://medium.com/veve-collectibles/marvel-digital-comics-amazing-spider-man-256-30fcdb66588d,2022-04-24,Marvel Digital Comics — Amazing Spider-Man #256,This release features VeVe-Exclusive Rare & Ultra Rare covers by Stephen Mooney and Rachelle Rosenberg.,"25 April 2022, 8 AM PT",6.99,,"30,000",,,,Marvel,,,,5,1984,,
https://medium.com/veve-collectibles/marvel-digital-comics-silver-surfer-black-1-7dd6f277a4e2,2022-04-25,Marvel Digital Comics — Silver Surfer Black #1,Silver Surfer Black #1,"26 April 2022, 8 AM PT",6.99,,"30,000",,,,Marvel,,,,5,2019,,
https://medium.com/veve-collectibles/marvel-digital-comics-new-mutants-annual-2-ae07f2f99c5e,2022-04-26,Marvel Digital Comics — New Mutants Annual #2,This release features VeVe-Exclusive Rare & Ultra Rare covers by Ryan Brown.,"27 April 2022, 8 AM PT",6.99,,"30,000",,,,Marvel,,,,5,1986,,
https://medium.com/veve-collectibles/doctor-strange-eye-of-agamotto-107da99d7f94,2022-04-27,Doctor Strange — Eye of Agamotto,Eye of Agamotto — Closed,"28 April 2022, 8 AM PT",70.00,"12,000",,Uncommon,First Edition,,Marvel,Doctor Strange,Eye of Agamotto,,,,Globally,
https://medium.com/veve-collectibles/doctor-strange-eye-of-agamotto-107da99d7f94,2022-04-27,Doctor Strange — Eye of Agamotto,Eye of Agamotto — Open,"28 April 2022, 8 AM PT",70.00,"6,500",,Rare,First Edition,,Marvel,Doctor Strange,Eye of Agamotto,,,,Globally,
https://medium.com/veve-collectibles/doctor-strange-eye-of-agamotto-107da99d7f94,2022-04-27,Doctor Strange — Eye of Agamotto,Eye of Agamotto — Animated,"28 April 2022, 8 AM PT",70.00,"2,110",,Secret Rare,First Edition,,Marvel,Doctor Strange,Eye of Agamotto,,,,Globally,
https://medium.com/veve-collectibles/patrick-hughes-reverspective-art-626601b286b2,2022-04-28,Patrick Hughes — Reverspective Art,Crate Expectations (2018),"30 April 2022, 8 AM PT",200.00,"1,590",,Ultra Rare,First Edition,,Patrick Hughes,Reverspective Art,Series 1,,,,Globally,
https://medium.com/veve-collectibles/patrick-hughes-reverspective-art-626601b286b2,2022-04-28,Patrick Hughes — Reverspective Art,Contemplating Venice (2021),"30 April 2022, 8 AM PT",200.00,"1,590",,Ultra Rare,First Edition,,Patrick Hughes,Reverspective Art,Series 1,,,,Globally,
https://medium.com/veve-collectibles/marvel-digital-comics-strange-tales-111-56215d64e3e3,2022-05-01,Marvel Digital Comics — Strange Tales #111,This release features VeVe-Exclusive Rare & Ultra Rare covers by Ron Lim and Israel Silva.,"2 May 2022, 8 AM PT",6.99,,"30,000",,,,Marvel,,,,5,1951,,
https://medium.com/veve-collectibles/star-wars-digital-comics-star-wars-1-1977-7cecc8c115c7,2022-05-03,Star Wars Digital Comics — Star Wars™ #1 (1977),"It’s the adaptation of A New Hope! Meet Luke Skywalker™, Princess Leia™, Obi-Wan™ and the villainous Darth Vader™!","4 May 2022, 8 AM PT",15.00,,"44,219",,,,Star Wars,,,,5,1977,,
https://medium.com/veve-collectibles/marvel-digital-comics-strange-tales-110-93f9aeb4dd6,2022-05-05,Marvel Digital Comics — Strange Tales #110,This release features VeVe-Exclusive Rare & Ultra Rare covers by Ario Anindito and Rachelle Rosenberg.,"6 May 2022, 8 AM PT",6.99,,"30,000",,,,Marvel,,,,5,1963,,
https://medium.com/veve-collectibles/dc-battle-statues-superman-vs-the-flash-79ae03ead2a6,2022-05-06,DC Battle Statues— Superman™ vs. The Flash™,Superman vs. The Flash,"7 May 2022, 8 AM PT",120.00,"8,888",,Rare,First Appearance (The Flash),,DC,Battle Statue,Superman vs. The Flash,,,,Globally,
https://medium.com/veve-collectibles/marvel-digital-comics-vengeance-1-1a4b99f0087,2022-05-09,Marvel Digital Comics — Vengeance #1,This release features VeVe-Exclusive Rare & Ultra Rare covers by Nicoletta Baldari.,"10 May 2022, 8 AM PT",6.99,,"30,000",,,,Marvel,,,,5,2011,,
https://medium.com/veve-collectibles/marvel-digital-comics-amazing-spider-man-194-d7ab2b123284,2022-05-11,Marvel Digital Comics —Amazing Spider-Man #194,This release features VeVe-Exclusive Rare & Ultra Rare covers by David Lopez.,"12 May 2022, 8 AM PT",6.99,,"30,000",,,,Marvel,,,,5,1979,,
https://medium.com/veve-collectibles/marvel-studios-thor-9203620b45aa,2022-05-14,Marvel Studios — Thor,Thor — God of Thunder,"15 May 2022, 8 AM PT",50.00,"14,600",,Common,First Appearance,,Marvel,Thor,Thor,,,,Globally,
https://medium.com/veve-collectibles/marvel-studios-thor-9203620b45aa,2022-05-14,Marvel Studios — Thor,Thor — The Worthy,"15 May 2022, 8 AM PT",50.00,"10,400",,Uncommon,First Appearance,,Marvel,Thor,Thor,,,,Globally,
https://medium.com/veve-collectibles/marvel-studios-thor-9203620b45aa,2022-05-14,Marvel Studios — Thor,Thor — Battle for Asgard,"15 May 2022, 8 AM PT",50.00,"7,200",,Rare,First Appearance,,Marvel,Thor,Thor,,,,Globally,
https://medium.com/veve-collectibles/marvel-studios-thor-9203620b45aa,2022-05-14,Marvel Studios — Thor,Thor — Animated,"15 May 2022, 8 AM PT",50.00,"4,400",,Ultra Rare,First Appearance,,Marvel,Thor,Thor,,,,Globally,
https://medium.com/veve-collectibles/marvel-studios-thor-9203620b45aa,2022-05-14,Marvel Studios — Thor,Thor — Ultimate Animated,"15 May 2022, 8 AM PT",50.00,"2,200",,Secret Rare,First Appearance,,Marvel,Thor,Thor,,,,Globally,
https://medium.com/veve-collectibles/community-update-ama-recap-fri-13-may-2022-6a2f2befa827,2022-05-14,"Community Update/AMA Recap — Fri, 13 May 2022",Market reservations will continue to be optimized. Thank you for your patience,,,,,,,,,,,,,,,"{""Waitlist update"": ""Ready to go, but focus remains Q2 priorities"", ""Occlusion now available"": ""Will continue to optimize, but available now for iPhone 12 Pro and above + newer Android devices""}"
https://medium.com/veve-collectibles/marvel-digital-comics-invincible-iron-man-118-45ca7df23a18,2022-05-16,Marvel Digital Comics — Invincible Iron Man #118,This release features VeVe-Exclusive Rare & Ultra Rare covers by Marco Turini.,"17 May 2022, 8 AM PT",6.99,,"10,000",,,,Marvel,,,,5,1979,,
https://medium.com/veve-collectibles/marvel-digital-comics-new-mutants-87-22ab3c21c246,2022-05-18,Marvel Digital Comics — New Mutants #87,"This release features VeVe-Exclusive Rare & Ultra Rare covers by Sergio DaVila, Sean Parsons, and Arif Prianto.","19 May 2022, 8 AM PT",6.99,,"30,000",,,,Marvel,,,,5,1990,,
https://medium.com/veve-collectibles/marvel-mightys-deadpool-df2076e891f5,2022-05-20,Marvel Mightys — Deadpool,Deadpool,"22 May 2022, 8 AM PT",13.00,"12,999",,Common,,,Marvel,Marvel Mightys,Series 6 - Deadpool,,,,Globally,
https://medium.com/veve-collectibles/marvel-mightys-deadpool-df2076e891f5,2022-05-20,Marvel Mightys — Deadpool,Lady Deadpool,"22 May 2022, 8 AM PT",13.00,"12,999",,Common,First Appearance,,Marvel,Marvel Mightys,Series 6 — Deadpool,,,,Globally,
https://medium.com/veve-collectibles/marvel-mightys-deadpool-df2076e891f5,2022-05-20,Marvel Mightys — Deadpool,X-Men Deadpool,"22 May 2022, 8 AM PT",13.00,"7,777",,Uncommon,,,Marvel,Marvel Mightys,Series 6 — Deadpool,,,,Globally,
https://medium.com/veve-collectibles/marvel-mightys-deadpool-df2076e891f5,2022-05-20,Marvel Mightys — Deadpool,Zombie Deadpool,"22 May 2022, 8 AM PT",13.00,"5,666",,Rare,First Appearance,,Marvel,Marvel Mightys,Series 6 — Deadpool,,,,Globally,
https://medium.com/veve-collectibles/marvel-mightys-deadpool-df2076e891f5,2022-05-20,Marvel Mightys — Deadpool,Dogpool,"22 May 2022, 8 AM PT",13.00,"2,777",,Ultra Rare,First Appearance,,Marvel,Marvel Mightys,Series 6 — Deadpool,,,,Globally,
https://medium.com/veve-collectibles/marvel-mightys-deadpool-df2076e891f5,2022-05-20,Marvel Mightys — Deadpool,Deadpool the Duck,"22 May 2022, 8 AM PT",13.00,"1,983",,Secret Rare,First Appearance,,Marvel,Marvel Mightys,Series 6 — Deadpool,,,,Globally,
https://medium.com/veve-collectibles/marvel-digital-comics-west-coast-avengers-7-73ed69e37344,2022-05-23,Marvel Digital Comics — West Coast Avengers #7,This release features VeVe-Exclusive Rare & Ultra Rare covers by Todd Nauck and Rachelle Rosenberg.,"24 May 2022, 8 AM PT",6.99,,"10,000",,,,Marvel,,,,5,2019,,
https://medium.com/veve-collectibles/marvel-digital-comics-sgt-fury-and-his-howling-commandos-1-82e13df2002c,2022-05-25,Marvel Digital Comics — Sgt. Fury and his Howling Commandos #1,This release features VeVe-Exclusive Rare & Ultra Rare covers by Mike McKone and Israel Silva.,"26 May 2022, 8 AM PT",6.99,,"30,000",,,,Marvel,,,,5,1963,,
https://medium.com/veve-collectibles/star-wars-lightsabers-collection-series-1-baf9e8a8df76,2022-05-25,Star Wars™ — Lightsabers Collection — Series 1,Yoda™,"26 May 2022, 12 PM PT",60.00,"19,800",,Common,First Edition,,Star Wars,Lightsaber Collection,Lightsaber Series 1,,,,,
https://medium.com/veve-collectibles/star-wars-lightsabers-collection-series-1-baf9e8a8df76,2022-05-25,Star Wars™ — Lightsabers Collection — Series 1,The Skywalker Lightsaber,"26 May 2022, 12 PM PT",60.00,"19,770",,Common,First Edition,,Star Wars,Lightsaber Collection,Lightsaber Series 1,,,,,
https://medium.com/veve-collectibles/star-wars-lightsabers-collection-series-1-baf9e8a8df76,2022-05-25,Star Wars™ — Lightsabers Collection — Series 1,Kylo Ren™,"26 May 2022, 12 PM PT",60.00,"12,015",,Rare,First Edition,,Star Wars,Lightsaber Collection,Lightsaber Series 1,,,,,
https://medium.com/veve-collectibles/star-wars-lightsabers-collection-series-1-baf9e8a8df76,2022-05-25,Star Wars™ — Lightsabers Collection — Series 1,Mace Windu™,"26 May 2022, 12 PM PT",60.00,"9,999",,Ultra Rare,First Edition,,Star Wars,Lightsaber Collection,Lightsaber Series 1,,,,,
https://medium.com/veve-collectibles/star-wars-lightsabers-collection-series-1-baf9e8a8df76,2022-05-25,Star Wars™ — Lightsabers Collection — Series 1,Ahsoka Tano™,"26 May 2022, 12 PM PT",60.00,"5,454",,Secret Rare,First Edition,,Star Wars,Lightsaber Collection,Lightsaber Series 1,,,,,
https://medium.com/veve-collectibles/star-wars-digital-comics-obi-wan-1-273da2641fea,2022-05-26,Star Wars™ Digital Comics — Obi-Wan #1,"The next Star Wars digital comic drops on Friday, 27 May 2022 at 8 AM PT, only on the VeVe app for iOS and Android!","27 May 2022, 8 AM PT",6.99,,"35,000",,,,Star Wars,,,,4,2022,,
https://medium.com/veve-collectibles/star-wars-theatrical-poster-series-ff51dc7a3e22,2022-05-27,Star Wars™ Theatrical Poster Series,Blind Boxes,"28 May, 8 AM PT",40.00,"7,791",,Uncommon,First Edition,,Star Wars,Star Wars Posters Collection,Star Wars Theatrical Poster Series,,,,,
https://medium.com/veve-collectibles/star-wars-theatrical-poster-series-ff51dc7a3e22,2022-05-27,Star Wars™ Theatrical Poster Series,Blind Boxes,"28 May, 8 AM PT",40.00,"9,800",,Common,First Edition,,Star Wars,Star Wars Posters Collection,Star Wars Theatrical Poster Series,,,,,
https://medium.com/veve-collectibles/star-wars-theatrical-poster-series-ff51dc7a3e22,2022-05-27,Star Wars™ Theatrical Poster Series,Blind Boxes,"28 May, 8 AM PT",40.00,"3,891",,Ultra Rare,First Edition,,Star Wars,Star Wars Posters Collection,Star Wars Theatrical Poster Series,,,,,
https://medium.com/veve-collectibles/star-wars-darth-vader-fb1002943bb2,2022-05-28,Star Wars™ — Darth Vader,This figure captures Darth Vader standing with his lightsaber extended by his side.,29 May 2022 8 AM PT,80.00,"11,977",,Common,First Appearance,,Star Wars,Dark Side Collection,Series 1 — Darth Vader,,,,,
https://medium.com/veve-collectibles/star-wars-darth-vader-fb1002943bb2,2022-05-28,Star Wars™ — Darth Vader,This figure shows Darth Vader at the ready with his lightsaber extended.,29 May 2022 8 AM PT,80.00,"9,977",,Uncommon,First Appearance,,Star Wars,Dark Side Collection,Series 1 — Darth Vader,,,,,
https://medium.com/veve-collectibles/star-wars-darth-vader-fb1002943bb2,2022-05-28,Star Wars™ — Darth Vader,"This premium animated collectible offers Vader with his lightsaber drawn, performing his infamous Force choke.",29 May 2022 8 AM PT,80.00,"5,977",,Ultra Rare,First Appearance,,Star Wars,Dark Side Collection,Series 1 — Darth Vader,,,,,
https://medium.com/veve-collectibles/marvel-digital-comics-avengers-4-89d83f86103d,2022-05-29,Marvel Digital Comics — Avengers #4,This release features VeVe-Exclusive Rare & Ultra Rare covers by Alex Saviuk and Rachelle Rosenberg.,"30 May 2022, 8 AM PT",6.99,,"30,000",,,,Marvel,,,,5,1964,,
https://medium.com/veve-collectibles/veve-x-dcon-kickoff-party-dcon-2022-collection-series-1-aef7b17a503d,2022-06-01,VeVe x DCon Kickoff Party + DCon 2022 Collection — Series 1,"For those of you attending, here is some key info!",,,,,,,,,,,,,,,"{""Score Together"": ""Event starts at 12 PM, DCon Series 1 drops at 1 PM PT"", ""Grub Together"": ""Free food for the first 500 scanned ticket holders! Food trucks include District Burger, Salt N Pepper Truck, La Boom (Mexican) and desserts from LA Donut"", ""Win Together"": ""Physical and digital collectible giveaways"", ""Shop Together"": ""The 3DRetro store will be fully stocked! Pick up some physical versions of VeVe NFTs, like Camille Rose Garcia’s Vultura"", ""Vibe Together"": ""Music by DJ Alex Yang"", ""Quench Together"": ""Thirsts Murdered by Liquid Death""}"
https://medium.com/veve-collectibles/veve-x-dcon-kickoff-party-dcon-2022-collection-series-1-aef7b17a503d,2022-06-01,VeVe x DCon Kickoff Party + DCon 2022 Collection — Series 1,Camille Rose Garcia — Vultura Macabra (Black Jack),"4 June, 2022 1 PM PT",99.00,"1,888",,Rare,Con Exclusive,,DesignerCon,DesignerCon 2022 Collection,Series 1,,,,,
https://medium.com/veve-collectibles/veve-x-dcon-kickoff-party-dcon-2022-collection-series-1-aef7b17a503d,2022-06-01,VeVe x DCon Kickoff Party + DCon 2022 Collection — Series 1,Kozyndan — The Bunnies Fall,"4 June, 2022 1 PM PT",50.00,"1,888",,Rare,Con Exclusive,,DesignerCon,DesignerCon 2022 Collection,Series 1,,,,,
https://medium.com/veve-collectibles/veve-x-dcon-kickoff-party-dcon-2022-collection-series-1-aef7b17a503d,2022-06-01,VeVe x DCon Kickoff Party + DCon 2022 Collection — Series 1,This complete series of digital prints is kozyndan’s introduction to NFTs.,"4 June, 2022 1 PM PT",50.00,"1,266",,Rare,Con Exclusive,,DesignerCon,DesignerCon 2022 Collection,Series 1,,,,,
https://medium.com/veve-collectibles/veve-x-dcon-kickoff-party-dcon-2022-collection-series-1-aef7b17a503d,2022-06-01,VeVe x DCon Kickoff Party + DCon 2022 Collection — Series 1,Yoskay Yamamoto x Munkyking — Moonflower,"4 June, 2022 1 PM PT",77.00,"2,888",,Rare,Con Exclusive,,DesignerCon,DesignerCon 2022 Collection,Series 1,,,,,
https://medium.com/veve-collectibles/veve-x-dcon-kickoff-party-dcon-2022-collection-series-1-aef7b17a503d,2022-06-01,VeVe x DCon Kickoff Party + DCon 2022 Collection — Series 1,Dave Pressler — Shut Up And Paint!,"4 June, 2022 1 PM PT",77.00,888,,Ultra Rare,Con Exclusive,,DesignerCon,DesignerCon 2022 Collection,Series 1,,,,,
https://medium.com/veve-collectibles/erb-inc-digital-comics-tarzan-of-the-apes-207-ba9c75846116,2022-06-02,"ERB, Inc. Digital Comics — Tarzan of the Apes #207",Tarzan of the Apes #207,"3 June 2022, 8 AM PT",6.99,,"15,700",,,,"Edgar Rice Burroughs, Inc.",,,,5,1972,,
https://medium.com/veve-collectibles/marvel-digital-comics-captain-marvel-14-d7f6df65b0c2,2022-06-03,Marvel Digital Comics — Captain Marvel #14,This release features VeVe-Exclusive Rare & Ultra Rare covers by Romina Jones.,"4 June 2022, 8 AM PT",6.99,,"30,000",,,,Marvel,,,,5,2013,,
https://medium.com/veve-collectibles/harley-quinn-red-white-black-series-3-e88f6a578c60,2022-06-05,"Harley Quinn: Red, White & Black — Series 3",Harley Quinn (J. Scott Campbell),"5 June 2022, 8 AM PT",40.00,"7,500",,Common,First Edition,,DC,"Harley Quinn: Red, White & Black",3,,,,Globally,
https://medium.com/veve-collectibles/harley-quinn-red-white-black-series-3-e88f6a578c60,2022-06-05,"Harley Quinn: Red, White & Black — Series 3",Harley Quinn (Stanley Lau),"5 June 2022, 8 AM PT",50.00,"5,500",,Uncommon,First Edition,,DC,"Harley Quinn: Red, White & Black",3,,,,Globally,
https://medium.com/veve-collectibles/harley-quinn-red-white-black-series-3-e88f6a578c60,2022-06-05,"Harley Quinn: Red, White & Black — Series 3",Harley Quinn (John Timms),"5 June 2022, 8 AM PT",70.00,"3,250",,Rare,First Edition,,DC,"Harley Quinn: Red, White & Black",3,,,,Globally,
https://medium.com/veve-collectibles/harley-quinn-red-white-black-series-3-e88f6a578c60,2022-06-05,"Harley Quinn: Red, White & Black — Series 3",Harley Quinn (Philip Tan),"5 June 2022, 8 AM PT",90.00,"1,750",,Ultra Rare,First Edition,,DC,"Harley Quinn: Red, White & Black",3,,,,Globally,
https://medium.com/veve-collectibles/marvel-digital-comics-invincible-iron-man-55-3c82e2a9cfab,2022-06-06,Marvel Digital Comics — Invincible Iron Man #55,This release features VeVe-Exclusive Rare & Ultra Rare covers by Salvador Larroca and Edgar Delgado.,"7 June 2022, 8 AM PT",6.99,,"30,000",,,,Marvel,,,,5,1973,,
https://medium.com/veve-collectibles/marvel-digital-comics-all-new-marvel-now-point-one-1-fbd5bfd7af37,2022-06-08,Marvel Digital Comics — All-New Marvel NOW! Point One #1,This release features VeVe-Exclusive Rare & Ultra Rare covers by Nicoletta Baldari.,"9 June 2022, 8 AM PT",6.99,,"30,000",,,,Marvel,,,,5,2014,,
https://medium.com/veve-collectibles/marvel-digital-comics-new-avengers-7-568676e3f3ed,2022-06-13,Marvel Digital Comics — New Avengers #7,This release features VeVe-Exclusive Rare & Ultra Rare covers by Will Sliney and Rochelle Rosenberg.,"14 June 2022, 8 AM PT",6.99,,"30,000",,,,Marvel,,,,5,2005,,
https://medium.com/veve-collectibles/marvel-digital-comics-alpha-flight-106-f0949eb618ad,2022-06-15,Marvel Digital Comics —Alpha Flight #106,This release features VeVe-Exclusive Rare & Ultra Rare covers by Jan Bazaldua and Rochelle Rosenberg.,"16 June 2022, 8 AM PT",6.99,,"30,000",,,,Marvel,,,,5,1992,,
https://medium.com/veve-collectibles/jurassic-world-dominion-blue-2fee7ab8d2d,2022-06-17,Jurassic World Dominion — Blue,"Blue, the oldest of the four Velociraptors trained by Owen Grady, has always been the leader of her pack.","18 June 2022, 8 AM PT",50.00,"7,250",,Common,First Appearance,,Universal Games and Digital Platforms,Jurassic World,Blue,,,,Globally,
https://medium.com/veve-collectibles/jurassic-world-dominion-blue-2fee7ab8d2d,2022-06-17,Jurassic World Dominion — Blue,No one is safe from Blue if Beta is in danger.,"18 June 2022, 8 AM PT",50.00,"5,950",,Uncommon,First Appearance,,Universal Games and Digital Platforms,Jurassic World,Blue,,,,Globally,
https://medium.com/veve-collectibles/jurassic-world-dominion-blue-2fee7ab8d2d,2022-06-17,Jurassic World Dominion — Blue,Animated 1,"18 June 2022, 8 AM PT",50.00,"4,250",,Rare,First Appearance,,Universal Games and Digital Platforms,Jurassic World,Blue,,,,Globally,
https://medium.com/veve-collectibles/jurassic-world-dominion-blue-2fee7ab8d2d,2022-06-17,Jurassic World Dominion — Blue,"When Beta is threatened, Blue springs into action to protect her young!","18 June 2022, 8 AM PT",50.00,"2,550",,Ultra Rare,First Appearance,,Universal Games and Digital Platforms,Jurassic World,Blue,,,,Globally,
https://medium.com/veve-collectibles/star-wars-fathers-day-collection-23002a51ad60,2022-06-18,Star Wars: Father’s Day Collection,“Read Me A Story!”,"19 June, 8 AM PT",20.00,"5,192",,Common,First Edition,,Star Wars,Star Wars: Father’s Day Collection,I Am Your Father’s Day Series,,,,,
https://medium.com/veve-collectibles/star-wars-fathers-day-collection-23002a51ad60,2022-06-18,Star Wars: Father’s Day Collection,"“I Love You, Dad”","19 June, 8 AM PT",20.00,"4,000",,Uncommon,First Edition,,Star Wars,Star Wars: Father’s Day Collection,I Am Your Father’s Day Series,,,,,
https://medium.com/veve-collectibles/star-wars-fathers-day-collection-23002a51ad60,2022-06-18,Star Wars: Father’s Day Collection,“It Wasn’t Me!”,"19 June, 8 AM PT",20.00,"3,200",,Rare,First Edition,,Star Wars,Star Wars: Father’s Day Collection,I Am Your Father’s Day Series,,,,,
https://medium.com/veve-collectibles/star-wars-fathers-day-collection-23002a51ad60,2022-06-18,Star Wars: Father’s Day Collection,“Vader’s Little Princess”,"19 June, 8 AM PT",20.00,"2,500",,Ultra Rare,First Edition,,Star Wars,Star Wars: Father’s Day Collection,I Am Your Father’s Day Series,,,,,
https://medium.com/veve-collectibles/star-wars-fathers-day-collection-23002a51ad60,2022-06-18,Star Wars: Father’s Day Collection,“Batter Up!”,"19 June, 8 AM PT",20.00,"1,906",,Secret Rare,First Edition,,Star Wars,Star Wars: Father’s Day Collection,I Am Your Father’s Day Series,,,,,
https://medium.com/veve-collectibles/marvel-digital-comics-spider-man-1-5-cdf2d92410bb,2022-06-19,Marvel Digital Comics — Spider-Man #1–5,This release features VeVe-Exclusive Rare & Ultra Rare covers by Creees Lee & Rachelle Rosenberg.,"20 June 2022, 8 AM PT",6.99,,"30,000",,,,Marvel,,,,5,1990,,
https://medium.com/veve-collectibles/marvel-digital-comics-spider-man-1-5-cdf2d92410bb,2022-06-19,Marvel Digital Comics — Spider-Man #1–5,This release features VeVe-Exclusive Rare & Ultra Rare covers by Dan Panosian.,"21 June 2022, 8 AM PT",6.99,,"30,000",,,,Marvel,,,,5,1990,,
https://medium.com/veve-collectibles/marvel-digital-comics-spider-man-1-5-cdf2d92410bb,2022-06-19,Marvel Digital Comics — Spider-Man #1–5,This release features VeVe-Exclusive Rare & Ultra Rare covers by Philip Tan & Brian Valenza.,"22 June 2022, 8 AM PT",6.99,,"30,000",,,,Marvel,,,,5,1990,,
https://medium.com/veve-collectibles/marvel-digital-comics-spider-man-1-5-cdf2d92410bb,2022-06-19,Marvel Digital Comics — Spider-Man #1–5,This release features VeVe-Exclusive Rare & Ultra Rare covers by Salvador Larroca & Edward Delgado.,"23 June 2022, 8 AM PT",6.99,,"30,000",,,,Marvel,,,,5,1990,,
https://medium.com/veve-collectibles/marvel-digital-comics-spider-man-1-5-cdf2d92410bb,2022-06-19,Marvel Digital Comics — Spider-Man #1–5,Spider-Man #5,"24 June 2022, 8 AM PT",6.99,,"30,000",,,,Marvel,,,,5,1990,,
https://medium.com/veve-collectibles/disney-stitch-626-series-c817a8f8b72a,2022-06-25,Disney Stitch 626 Series,"This 3D collectible captures Stitch in his iconic blue “dog” form to showcase his fun-loving, playful side.","26 June, 2021 8 AM PT",30.00,"8,626",,Common,First Appearance,,Disney,Disney Stitch Collection,Disney Stitch 626 Series,,,,,
https://medium.com/veve-collectibles/disney-stitch-626-series-c817a8f8b72a,2022-06-25,Disney Stitch 626 Series,"This 3D figure shows Stich in his natural alien form, with six arms, two antennae, and a great big smile.","26 June, 2021 8 AM PT",30.00,"6,626",,Uncommon,First Appearance,,Disney,Disney Stitch Collection,Disney Stitch 626 Series,,,,,
https://medium.com/veve-collectibles/disney-stitch-626-series-c817a8f8b72a,2022-06-25,Disney Stitch 626 Series,Wild Energy,"26 June, 2021 8 AM PT",30.00,"2,626",,Secret Rare,First Appearance,,Disney,Disney Stitch Collection,Disney Stitch 626 Series,,,,,
https://medium.com/veve-collectibles/marvel-digital-comics-uncanny-x-men-244-c8ef1142d7aa,2022-06-27,Marvel Digital Comics — Uncanny X-Men #244,This release features VeVe-Exclusive Rare & Ultra Rare covers by Ivan Tao.,"28 June 2022, 8 AM PT",6.99,,"30,000",,,,Marvel,,,,5,1989,,
https://medium.com/veve-collectibles/givenchy-beauty-rewind-collective-pride-2022-a389ceedaef3,2022-06-28,Givenchy Beauty + Rewind Collective — Pride 2022,Rewind Collective — Flag,"29 June 2022, 12 PM PT",50.00,"1,978",,Uncommon,,,Rewind Collective,Givenchy Beauty + Rewind Collective,Givenchy Beauty + Rewind Collective: Pride 2022,,,,Globally,
https://medium.com/veve-collectibles/givenchy-beauty-rewind-collective-pride-2022-a389ceedaef3,2022-06-28,Givenchy Beauty + Rewind Collective — Pride 2022,Rewind Collective — Heart,"29 June 2022, 12 PM PT",50.00,"1,978",,Uncommon,,,Rewind Collective,Givenchy Beauty + Rewind Collective,Givenchy Beauty + Rewind Collective: Pride 2022,,,,Globally,
https://medium.com/veve-collectibles/givenchy-beauty-rewind-collective-pride-2022-a389ceedaef3,2022-06-28,Givenchy Beauty + Rewind Collective — Pride 2022,Givenchy Beauty — PRIDE II,"29 June 2022, 12 PM PT",100.00,"1,989",,Rare,,,Rewind Collective,Givenchy Beauty + Rewind Collective,Givenchy Beauty + Rewind Collective: Pride 2022,,,,Globally,
https://medium.com/veve-collectibles/marvel-mightys-thor-910f06008da3,2022-06-28,Marvel Mightys — Thor,Thor,"29 June 2022, 8 AM PT",13.00,"8,000",,Common,,,Marvel,Marvel Mightys,Series 7 — Thor,,,,Globally,
https://medium.com/veve-collectibles/marvel-mightys-thor-910f06008da3,2022-06-28,Marvel Mightys — Thor,Loki,"29 June 2022, 8 AM PT",13.00,"8,000",,Common,First Appearance,,Marvel,Marvel Mightys,Series 7 — Thor,,,,Globally,
https://medium.com/veve-collectibles/marvel-mightys-thor-910f06008da3,2022-06-28,Marvel Mightys — Thor,Valkyrie,"29 June 2022, 8 AM PT",13.00,"6,000",,Uncommon,First Appearance,,Marvel,Marvel Mightys,Series 7 — Thor,,,,Globally,
https://medium.com/veve-collectibles/marvel-mightys-thor-910f06008da3,2022-06-28,Marvel Mightys — Thor,Jane Foster (Thor),"29 June 2022, 8 AM PT",13.00,"4,000",,Rare,First Appearance,,Marvel,Marvel Mightys,Series 7 — Thor,,,,Globally,
https://medium.com/veve-collectibles/marvel-mightys-thor-910f06008da3,2022-06-28,Marvel Mightys — Thor,Odin,"29 June 2022, 8 AM PT",13.00,"2,500",,Ultra Rare,First Appearance,,Marvel,Marvel Mightys,Series 7 — Thor,,,,Globally,
https://medium.com/veve-collectibles/marvel-mightys-thor-910f06008da3,2022-06-28,Marvel Mightys — Thor,Beta Ray Bill,"29 June 2022, 8 AM PT",13.00,"1,500",,Secret Rare,First Appearance,,Marvel,Marvel Mightys,Series 7 — Thor,,,,Globally,
https://medium.com/veve-collectibles/marvel-digital-comics-young-avengers-1-33b838943490,2022-06-29,Marvel Digital Comics —Young Avengers #1,This release features VeVe-Exclusive Rare & Ultra Rare covers by Jan Bazaldua & Rachelle Rosenberg.,"30 June 2022, 8 AM PT",6.99,,"30,000",,,,Marvel,,,,5,2005,,
https://medium.com/veve-collectibles/veve-payout-what-you-need-to-know-c00529b28891,2022-06-30,Payout: What You Need To Know,"Example 1 — ACH: Payout amount: USD1,000.00",,,,,,,,,,,,,,,"{""VeVe fee"": ""10% (USD100.00)"", ""Sending bank wire fee"": ""USD1.00"", ""Receiving bank wire fee"": ""~USD1.00 (differs based on bank)"", ""You receive"": ""~USD898.00""}"
https://medium.com/veve-collectibles/veve-payout-what-you-need-to-know-c00529b28891,2022-06-30,Payout: What You Need To Know,Example 2 — Wire Transfer:,,,,,,,,,,,,,,,"{""Payout amount"": ""USD1,000.00"", ""VeVe fee"": ""10% (USD100.00)"", ""Sending bank wire fee"": ""USD15.00"", ""Receiving bank wire fee"": ""~USD15.00 (differs based on bank)"", ""You receive"": ""~USD870.00"", ""For payouts in cryptocurrency"": """"}"
https://medium.com/veve-collectibles/veve-payout-what-you-need-to-know-c00529b28891,2022-06-30,Payout: What You Need To Know,Example 1 — Stable Coin:,,,,,,,,,,,,,,,"{""Payout amount"": ""USD1,000.00"", ""VeVe fee"": ""10% (USD100.00)"", ""USDT"": ""0.75% (USD7.50)"", ""You receive"": ""~USD892.50 (You may also incur gas fees)""}"
https://medium.com/veve-collectibles/veve-payout-what-you-need-to-know-c00529b28891,2022-06-30,Payout: What You Need To Know,Example 2 — Bitcoin:,,,,,,,,,,,,,,,"{""Payout amount"": ""USD1,000.00"", ""VeVe fee"": ""10% (USD100.00)"", ""USDT"": ""0.20% (USD2.00)"", ""You receive"": ""~USD898.00 (You may also incur gas fees)""}"
https://medium.com/veve-collectibles/veve-payout-what-you-need-to-know-c00529b28891,2022-06-30,Payout: What You Need To Know,Q: Who do I contact if there are issues with my payment?,,,,,,,,,,,,,,,"{""For fiat payout"": ""https://support.sendwyre.com/hc/en-us/requests/new?ticket_form_id=360004795334"", ""For cryptocurrency payout"": ""https://support.sendwyre.com/hc/en-us/requests/new?ticket_form_id=360004784493""}"
https://medium.com/veve-collectibles/marvel-digital-comics-thor-god-of-thunder-1-b0a28cd63bb,2022-07-04,Marvel Digital Comics — Thor: God of Thunder #1,"The next Marvel digital comic drops on Tuesday, 5 July 2022 at 8 AM PT, only on the VeVe app for iOS and Android!","5 July 2022, 8 AM PT",6.99,,"20,000",,,,Marvel,,,,5,2012,,
https://medium.com/veve-collectibles/marvel-digital-comics-thor-2014-1-6bd638814125,2022-07-06,Marvel Digital Comics — Thor (2014) #1,Thor (2014) #1,"7 July 2022, 8 AM PT",6.99,,"20,000",,,,Marvel,,,,5,2014,,
https://medium.com/veve-collectibles/usps-stamp-art-classics-forever-4c87f32aca9d,2022-07-08,USPS — Stamp Art — Classics Forever,"1851 George Washington, originally 12 cents","9 July 2022, 8 AM PT",6.00,"5,800",,Common,First Edition,,USPS,Stamp Art,Classics Forever,,,,Globally,
https://medium.com/veve-collectibles/usps-stamp-art-classics-forever-4c87f32aca9d,2022-07-08,USPS — Stamp Art — Classics Forever,"1861 Benjamin Franklin, originally one cent","9 July 2022, 8 AM PT",6.00,"5,800",,Common,First Edition,,USPS,Stamp Art,Classics Forever,,,,Globally,
https://medium.com/veve-collectibles/usps-stamp-art-classics-forever-4c87f32aca9d,2022-07-08,USPS — Stamp Art — Classics Forever,"1860 George Washington, originally 24 cents","9 July 2022, 8 AM PT",6.00,"4,800",,Uncommon,First Edition,,USPS,Stamp Art,Classics Forever,,,,Globally,
https://medium.com/veve-collectibles/usps-stamp-art-classics-forever-4c87f32aca9d,2022-07-08,USPS — Stamp Art — Classics Forever,"1851 Benjamin Franklin, originally one cent","9 July 2022, 8 AM PT",6.00,"3,800",,Rare,First Edition,,USPS,Stamp Art,Classics Forever,,,,Globally,
https://medium.com/veve-collectibles/usps-stamp-art-classics-forever-4c87f32aca9d,2022-07-08,USPS — Stamp Art — Classics Forever,"1860 George Washington, originally 90 cents","9 July 2022, 8 AM PT",6.00,"2,800",,Ultra Rare,First Edition,,USPS,Stamp Art,Classics Forever,,,,Globally,
https://medium.com/veve-collectibles/usps-stamp-art-classics-forever-4c87f32aca9d,2022-07-08,USPS — Stamp Art — Classics Forever,"1866 Abraham Lincoln, originally 15 cents","9 July 2022, 8 AM PT",6.00,"2,800",,Ultra Rare,First Edition,,USPS,Stamp Art,Classics Forever,,,,Globally,
https://medium.com/veve-collectibles/usps-stamp-art-classics-forever-4c87f32aca9d,2022-07-08,USPS — Stamp Art — Classics Forever,Classics Forever — Souvenir Sheet,"9 July 2022, 8 AM PT",6.00,"1,800",,Secret Rare,First Edition,,USPS,Stamp Art,Classics Forever,,,,Globally,
https://medium.com/veve-collectibles/marvel-digital-comics-venom-3-1c12ecbb95ab,2022-07-11,Marvel Digital Comics — Venom #3,Venom #3,"12 July 2022, 8 AM PT",6.99,,"20,000",,,,Marvel,,,,5,2018,,
https://medium.com/veve-collectibles/marvel-digital-comics-marauders-21-492e5ee79fb2,2022-07-13,Marvel Digital Comics — Marauders #21,Marauders #21,"14 July 2022, 8 AM PT",6.99,,"20,000",,,,Marvel,,,,5,2021,,
https://medium.com/veve-collectibles/jurassic-world-dominion-beta-77eab66b2044,2022-07-15,Jurassic World Dominion —Beta,Beta is the mirror image and identical clone of her mother.,"16 July 2022, 8 AM PT",50.00,"7,250",,Common,First Appearance,,Universal Games and Digital Platforms,Jurassic World,Beta,,,,Globally,
https://medium.com/veve-collectibles/jurassic-world-dominion-beta-77eab66b2044,2022-07-15,Jurassic World Dominion —Beta,"Although Beta is still young, she is extremely quick and shows no signs of fear.","16 July 2022, 8 AM PT",50.00,"5,950",,Uncommon,First Appearance,,Universal Games and Digital Platforms,Jurassic World,Beta,,,,Globally,
https://medium.com/veve-collectibles/jurassic-world-dominion-beta-77eab66b2044,2022-07-15,Jurassic World Dominion —Beta,Don’t underestimate Beta! She is curious and observant just like her mother.,"16 July 2022, 8 AM PT",50.00,"4,250",,Rare,First Appearance,,Universal Games and Digital Platforms,Jurassic World,Beta,,,,Globally,
https://medium.com/veve-collectibles/jurassic-world-dominion-beta-77eab66b2044,2022-07-15,Jurassic World Dominion —Beta,"Clever and alert like her mother, Beta quickly learns to hunt and survive.","16 July 2022, 8 AM PT",50.00,"2,550",,Ultra Rare,First Appearance,,Universal Games and Digital Platforms,Jurassic World,Beta,,,,Globally,
https://medium.com/veve-collectibles/disneyland-resort-posters-collection-36a626f47d3c,2022-07-15,Disneyland® Resort Posters Collection,Red Wagon Inn,"Sun, 17 July 8 AM PT",50.00,1955,,Secret Rare,First Edition,,Disney,Disneyland® Resort Posters Collection,1955–59 Series,,,,,
https://medium.com/veve-collectibles/disneyland-resort-posters-collection-36a626f47d3c,2022-07-15,Disneyland® Resort Posters Collection,Jungle Cruise,"Sun, 17 July 8 AM PT",50.00,1955,,Secret Rare,First Edition,,Disney,Disneyland® Resort Posters Collection,1955–59 Series,,,,,
https://medium.com/veve-collectibles/disneyland-resort-posters-collection-36a626f47d3c,2022-07-15,Disneyland® Resort Posters Collection,Rocket to the Moon,"Sun, 17 July 8 AM PT",50.00,1955,,Secret Rare,First Edition,,Disney,Disneyland® Resort Posters Collection,1955–59 Series,,,,,
https://medium.com/veve-collectibles/disneyland-resort-posters-collection-36a626f47d3c,2022-07-15,Disneyland® Resort Posters Collection,Storybook Land Canal Boats,"Sun, 17 July 8 AM PT",50.00,1956,,Secret Rare,First Edition,,Disney,Disneyland® Resort Posters Collection,1955–59 Series,,,,,
https://medium.com/veve-collectibles/disneyland-resort-posters-collection-36a626f47d3c,2022-07-15,Disneyland® Resort Posters Collection,Rainbow Caverns Mine Train,"Sun, 17 July 8 AM PT",50.00,1956,,Secret Rare,First Edition,,Disney,Disneyland® Resort Posters Collection,1955–59 Series,,,,,
https://medium.com/veve-collectibles/marvel-sdcc-con-exclusives-f201eb876971,2022-07-15,Marvel — SDCC — Con Exclusives,Welcome To San Diego — Poster,"20 July 2022, 8 AM PT",60.00,"3,900",,Ultra Rare,Con Exclusive,,Marvel,Spider-Man,Welcome to San Diego,,,,Globally,
https://medium.com/veve-collectibles/marvel-sdcc-con-exclusives-f201eb876971,2022-07-15,Marvel — SDCC — Con Exclusives,Deadpool’s Chimichanga Truck,"21 July 2022, 8 AM PT",40.00,"6,100",,Rare,Con Exclusive,,Marvel,Marvel Mightys,Deadpool’s Chimichanga Truck,,,,Globally,
https://medium.com/veve-collectibles/marvel-sdcc-con-exclusives-f201eb876971,2022-07-15,Marvel — SDCC — Con Exclusives,This release features VeVe-Exclusive Rare & Ultra Rare covers by Ario Anindito and Rachelle Rosenberg.,"22 July 2022, 8 AM PT",6.99,,"10,000",,,,Marvel,,,,5,2005,,
https://medium.com/veve-collectibles/marvel-sdcc-con-exclusives-f201eb876971,2022-07-15,Marvel — SDCC — Con Exclusives,Tesseract,"23 July 2022, 8 AM PT",30.00,"8,610",,Uncommon,Con Exclusive,,Marvel,Marvel’s The Avengers,Tesseract,,,,Globally,
https://medium.com/veve-collectibles/marvel-sdcc-con-exclusives-f201eb876971,2022-07-15,Marvel — SDCC — Con Exclusives,Silver Surfer,"24 July 2022, 8 AM PT",60.00,"6,100",,Rare,First Appearance,,Marvel,Silver Surfer,Silver Surfer,,,,Globally,
https://medium.com/veve-collectibles/hong-kong-disneyland-momentous-series-fffb5ef173bd,2022-07-16,Hong Kong Disneyland “Momentous” Series,Dream from Day to Night,"Mon, 18 July, 2022",60.00,2005,,Secret Rare,First Edition,,Disney,Hong Kong Disneyland Castle NFT Collection,Hong Kong Disneyland “Momentous” Series,,,,,
https://medium.com/veve-collectibles/hong-kong-disneyland-momentous-series-fffb5ef173bd,2022-07-16,Hong Kong Disneyland “Momentous” Series,Amazing Nighttime Spectacular,"Mon, 18 July, 2022",60.00,1330,,Secret Rare,First Edition,,Disney,Hong Kong Disneyland Castle NFT Collection,Hong Kong Disneyland “Momentous” Series,,,,,
https://medium.com/veve-collectibles/hong-kong-disneyland-momentous-series-fffb5ef173bd,2022-07-16,Hong Kong Disneyland “Momentous” Series,And now you can experience this memorable scene with them with your own nighttime spectacular lenticular art.,"Mon, 18 July, 2022",60.00,2017,,Secret Rare,First Edition,,Disney,Hong Kong Disneyland Castle NFT Collection,Hong Kong Disneyland “Momentous” Series,,,,,
https://medium.com/veve-collectibles/hong-kong-disneyland-momentous-series-fffb5ef173bd,2022-07-16,Hong Kong Disneyland “Momentous” Series,Time of Your Life,"Mon, 18 July, 2022",60.00,2013,,Secret Rare,First Edition,,Disney,Hong Kong Disneyland Castle NFT Collection,Hong Kong Disneyland “Momentous” Series,,,,,
https://medium.com/veve-collectibles/jurassic-world-dominion-blue-and-beta-together-airdrop-d95b01242cc,2022-07-19,Jurassic World Dominion — Blue and Beta Together (Airdrop),Blue and Beta Together,,,,,Common,First Appearance,,Universal Games and Digital Platforms,Jurassic World,Blue and Beta Together,,,,Globally,
https://medium.com/veve-collectibles/jurassic-world-dominion-blue-and-beta-together-airdrop-d95b01242cc,2022-07-19,Jurassic World Dominion — Blue and Beta Together (Airdrop),Blue and Beta Attack Ready,,,,,Uncommon,First Appearance,,Universal Games and Digital Platforms,Jurassic World,Blue and Beta Together,,,,Globally,
https://medium.com/veve-collectibles/jurassic-world-dominion-blue-and-beta-together-airdrop-d95b01242cc,2022-07-19,Jurassic World Dominion — Blue and Beta Together (Airdrop),Blue and Beta discover a whole new world together outside of Isla Nublar.,,,,,Rare,First Appearance,,Universal Games and Digital Platforms,Jurassic World,Blue and Beta Together,,,,Globally,
https://medium.com/veve-collectibles/jurassic-world-dominion-blue-and-beta-together-airdrop-d95b01242cc,2022-07-19,Jurassic World Dominion — Blue and Beta Together (Airdrop),Blue and Beta reunited again!,,,,,Ultra Rare,First Appearance,,Universal Games and Digital Platforms,Jurassic World,Blue and Beta Together,,,,Globally,
https://medium.com/veve-collectibles/marvel-digital-comics-marvel-age-annual-4-fd1b29702937,2022-07-25,Marvel Digital Comics — Marvel Age Annual #4,This release features VeVe-Exclusive Rare and Ultra Rare covers by Ron Lim and Israel Silva.,"26 July 2022, 8 AM PT",6.99,,"20,000",,,,Marvel,,,,5,1988,,
https://medium.com/veve-collectibles/marvel-digital-comics-uncanny-x-men-266-1c2db5abd8b2,2022-07-27,Marvel Digital Comics — Uncanny X-Men #266,This release features VeVe-Exclusive Rare and Ultra Rare covers by Will Sliney.,"28 July 2022, 8 AM PT",6.99,,"20,000",,,,Marvel,,,,5,1990,,
https://medium.com/veve-collectibles/star-wars-underworlders-collection-boba-fett-21a0a6d23335,2022-07-28,Star Wars™ — Underworlders Collection — Boba Fett,This figure features Boba Fett taking aim with his rifle drawn.,"30 July, 8 AM PT",80.00,"11,980",,Common,First Appearance,,Star Wars,Underworlders Collection,Series 1 — Boba Fett,,,,,
https://medium.com/veve-collectibles/star-wars-underworlders-collection-boba-fett-21a0a6d23335,2022-07-28,Star Wars™ — Underworlders Collection — Boba Fett,"This figure shows Boba Fett with his rifle in his hands, ready for action.","30 July, 8 AM PT",80.00,"9,932",,Uncommon,First Appearance,,Star Wars,Underworlders Collection,Series 1 — Boba Fett,,,,,
https://medium.com/veve-collectibles/star-wars-underworlders-collection-boba-fett-21a0a6d23335,2022-07-28,Star Wars™ — Underworlders Collection — Boba Fett,I Have You In My Sights,"30 July, 8 AM PT",80.00,"5,932",,Ultra Rare,First Appearance,,Star Wars,Underworlders Collection,Series 1 — Boba Fett,,,,,
https://medium.com/veve-collectibles/disney-pixars-lightyear-alpha-suit-series-d9f000585cde,2022-08-01,Disney & PIXAR’s Lightyear: Alpha Suit Series,"In this detailed 3D full color figurine, we see Buzz Lightyear, the ultimate Space Ranger.","3 August, 2022 at 8 AM PT",60.00,"8,766",,Common,First Appearance,,PIXAR,Disney & Pixar’s Lightyear NFT Collection,Disney & Pixar’s Lightyear: Alpha Suit Series,,,,,
https://medium.com/veve-collectibles/disney-pixars-lightyear-alpha-suit-series-d9f000585cde,2022-08-01,Disney & PIXAR’s Lightyear: Alpha Suit Series,Buzz Lightyear is prepared for anything T’Kani Prime throws at him in this 3D full-color figure.,"3 August, 2022 at 8 AM PT",60.00,"5,212",,Rare,First Appearance,,PIXAR,Disney & Pixar’s Lightyear NFT Collection,Disney & Pixar’s Lightyear: Alpha Suit Series,,,,,
https://medium.com/veve-collectibles/disney-pixars-lightyear-alpha-suit-series-d9f000585cde,2022-08-01,Disney & PIXAR’s Lightyear: Alpha Suit Series,"Ready for anything, Buzz Lightyear springs into action in this dynamic 3D full color figure.","3 August, 2022 at 8 AM PT",60.00,"2,022",,Ultra Rare,First Appearance,,PIXAR,Disney & Pixar’s Lightyear NFT Collection,Disney & Pixar’s Lightyear: Alpha Suit Series,,,,,
https://medium.com/veve-collectibles/marvel-digital-comics-unbeatable-squirrel-girl-1-d0a5685ac0f4,2022-08-03,Marvel Digital Comics — Unbeatable Squirrel Girl #1,This release features VeVe-Exclusive Rare and Ultra Rare covers by Romina Jones.,"4 August 2022, 8 AM PT",6.99,,"20,000",,,,Marvel,,,,5,2015,,
https://medium.com/veve-collectibles/veve-x-dcon-2022-collection-sket-one-958a05ac319a,2022-08-04,VeVe x DCon 2022 Collection — Sket One,Sket One — Phase One Ting,"6 August, 2022 8 AM PT",77.00,999,,Uncommon,Con Exclusive,,DesignerCon,DesignerCon 2022 Collection,Sket One — Ting,,,,,
https://medium.com/veve-collectibles/veve-x-dcon-2022-collection-sket-one-958a05ac319a,2022-08-04,VeVe x DCon 2022 Collection — Sket One,Sket One — Boom Ting,"6 August, 2022 8 AM PT",77.00,888,,Rare,Con Exclusive,,DesignerCon,DesignerCon 2022 Collection,Sket One — Ting,,,,,
https://medium.com/veve-collectibles/veve-x-dcon-2022-collection-sket-one-958a05ac319a,2022-08-04,VeVe x DCon 2022 Collection — Sket One,Sket One —Radioactive Ting,"6 August, 2022 8 AM PT",77.00,777,,Ultra Rare,Con Exclusive,,DesignerCon,DesignerCon 2022 Collection,Sket One — Ting,,,,,
https://medium.com/veve-collectibles/veve-x-dcon-2022-collection-sket-one-958a05ac319a,2022-08-04,VeVe x DCon 2022 Collection — Sket One,Sket One —Bombed Ting,"6 August, 2022 8 AM PT",77.00,555,,Secret Rare,Con Exclusive,,DesignerCon,DesignerCon 2022 Collection,Sket One — Ting,,,,,
https://medium.com/veve-collectibles/veve-x-dcon-2022-collection-allison-bamcat-a9ad9ede7443,2022-08-04,VeVe x DCon 2022 Collection — Allison Bamcat,Allison Bamcat — Provider,"6 August, 2022 9AM PT",45.00,"1,266",,Rare,Con Exclusive,,DesignerCon,DesignerCon 2022 Collection,Allison Bamcat,,,,,
https://medium.com/veve-collectibles/veve-x-dcon-2022-collection-allison-bamcat-a9ad9ede7443,2022-08-04,VeVe x DCon 2022 Collection — Allison Bamcat,Allison Bamcat — Fissure Demon,"6 August, 2022 9AM PT",45.00,666,,Ultra Rare,Con Exclusive,,DesignerCon,DesignerCon 2022 Collection,Allison Bamcat,,,,,
https://medium.com/veve-collectibles/veve-x-dcon-2022-collection-tara-mcpherson-b2fd4995d70e,2022-08-04,VeVe x DCon 2022 Collection — Tara McPherson,Tara McPherson — The Love Space Gives,"6 August, 2022 10AM PT",45.00,"1,266",,Rare,Con Exclusive,,DesignerCon,DesignerCon 2022 Collection,Tara McPherson,,,,,
https://medium.com/veve-collectibles/veve-x-dcon-2022-collection-tara-mcpherson-b2fd4995d70e,2022-08-04,VeVe x DCon 2022 Collection — Tara McPherson,Tara McPherson — The Crystal Waterfall,"6 August, 2022 10AM PT",45.00,666,,Ultra Rare,Con Exclusive,,DesignerCon,DesignerCon 2022 Collection,Tara McPherson,,,,,
https://medium.com/veve-collectibles/marvel-digital-comics-amazing-fantasy-15-91de6539ed75,2022-08-07,Marvel Digital Comics — Amazing Fantasy #15,This release features VeVe-Exclusive Rare and Ultra Rare covers by Alex Saviuk & Laura Martin.,"8 August 2022, 8 AM PT",20.00,,"10,000",,,,Marvel,,,,5,1962,,
https://medium.com/veve-collectibles/marvel-digital-comics-tales-to-astonish-13-80dd6218a61a,2022-08-09,Marvel Digital Comics — Tales to Astonish #13,This release features VeVe-Exclusive Rare and Ultra Rare covers by Junggeun Yoon.,"Thursday, 11 August 2022, 8 AM PT",6.99,,"20,000",,,,Marvel,,,,5,1960,,
https://medium.com/veve-collectibles/marvel-studios-i-am-groot-a02929276844,2022-08-09,Marvel Studios — I Am Groot,I Am Groot,"10 August 2022, 12 PM PT",50.00,"3,616",,Ultra Rare,,,Marvel,Marvel Studios’ Guardians of the Galaxy,Marvel Studios’ I Am Groot,,,,Globally,
https://medium.com/veve-collectibles/marvel-digital-comics-marvel-legacy-1-11d94ff9c56a,2022-08-15,Marvel Digital Comics — Marvel Legacy #1,This release features VeVe-Exclusive Rare and Ultra Rare covers by Sergio Davila.,"16 August 2022, 8 AM PT",6.99,,"20,000",,,,Marvel,,,,5,2017,,
https://medium.com/veve-collectibles/veve-artworks-ron-english-david-warhol-eb9865be5315,2022-08-15,VeVe Artworks: Ron English — David Warhol,"In the future, everyone will be famous forever…",,,1,,Secret Rare,First Edition,,Ron English,POPaganda,Artworks — David Warhol,,,,Globally,"{""Bonus Utility"": ""The winner of this piece will have the opportunity to bring up to three (3) friends to lunch or dinner with Mr. David Yu himself, geography permitting. This is your chance to have a “Collector Level: 9000” chat with David during an upcoming Con or VeVe event, or in New Zealand if you’re local! If the event is in New York, Ron English will also join if available!"", ""Auction Dates"": ""Wed, 17 Aug 12 PM PT — Sat, 20 Aug 12 PM PT""}"
https://medium.com/veve-collectibles/marvel-digital-comics-savage-she-hulk-1-10430c90144d,2022-08-17,Marvel Digital Comics — Savage She-Hulk #1,This release features VeVe-Exclusive Rare and Ultra Rare covers by Nicoletta Baldari.,"18 August 2022, 8 AM PT",6.99,,"20,000",,,,Marvel,,,,5,1980,,
https://medium.com/veve-collectibles/fantastic-four-mister-fantastic-a12cb2779436,2022-08-18,Fantastic Four — Mister Fantastic,Mister Fantastic — The Rubber Man,"19 August 2022, 8 AM PT",50.00,"4,900",,Rare,,,Marvel,Fantastic Four,Fantastic Four — Mister Fantastic,,,,Globally,
https://medium.com/veve-collectibles/fantastic-four-mister-fantastic-a12cb2779436,2022-08-18,Fantastic Four — Mister Fantastic,Mister Fantastic — Brain-Box,"19 August 2022, 8 AM PT",50.00,"2,600",,Ultra Rare,,,Marvel,Fantastic Four,Fantastic Four — Mister Fantastic,,,,Globally,
https://medium.com/veve-collectibles/disney-princess-luminous-portrait-series-875d08f75946,2022-08-19,Disney Princess Luminous Portrait Series,This luminous portrait captures Snow White before she takes a bite of the poisoned apple.,"21 August, 8 AM PT",40.00,"4,444",,Uncommon,First Edition,,Disney,Disney Princess Paper Art Collection,Disney Princess Luminous Portrait Series,,,,,
https://medium.com/veve-collectibles/disney-princess-luminous-portrait-series-875d08f75946,2022-08-19,Disney Princess Luminous Portrait Series,This luminous portrait captures Cinderella racing down the steps of the palace at midnight.,"21 August, 8 AM PT",40.00,"3,333",,Rare,First Edition,,Disney,Disney Princess Paper Art Collection,Disney Princess Luminous Portrait Series,,,,,
https://medium.com/veve-collectibles/disney-princess-luminous-portrait-series-875d08f75946,2022-08-19,Disney Princess Luminous Portrait Series,This luminous portrait captures Jasmine with the magic lamp from the Cave of Wonders.,"21 August, 8 AM PT",40.00,"2,222",,Ultra Rare,First Edition,,Disney,Disney Princess Paper Art Collection,Disney Princess Luminous Portrait Series,,,,,
https://medium.com/veve-collectibles/disney-princess-luminous-portrait-series-875d08f75946,2022-08-19,Disney Princess Luminous Portrait Series,This luminous portrait captures Ariel in her grotto surrounded by the treasures she has collected.,"21 August, 8 AM PT",40.00,"1,111",,Secret Rare,First Edition,,Disney,Disney Princess Paper Art Collection,Disney Princess Luminous Portrait Series,,,,,
https://medium.com/veve-collectibles/veve-artworks-brian-viveros-top-cat-db227d736d51,2022-08-21,VeVe Artworks: Brian Viveros — Top-Cat,Top-Cat,,,1,,Artist Proof,Artist Proof,,Brian Viveros,Artworks — Brian Viveros,Top-Cat,,,,Globally,"{""Bonus Utility"": ""Winner of the auction also receives the one and only 16” x 20” giclee fine art print, hand embellished and signed by Brian Viveros."", ""Auction Dates"": ""Mon, 22 Aug 12 PM PT — Fri, 26 Aug 12 PM PT"", ""Starting Bid"": ""1,500"", ""Entry Fee"": ""0""}"
https://medium.com/veve-collectibles/marvel-digital-comics-marvel-super-heroes-secret-wars-3-571b872182a1,2022-08-22,Marvel Digital Comics — Marvel Super Heroes Secret Wars #3,This release features VeVe-Exclusive Rare and Ultra Rare covers by David Lopez.,"23 August 2022, 8 AM PT",6.99,,"20,000",,,,Marvel,,,,5,1984,,
https://medium.com/veve-collectibles/marvel-digital-comics-tales-to-astonish-90-1453cf0888a3,2022-08-24,Marvel Digital Comics — Tales to Astonish #90,This release features VeVe-Exclusive Rare and Ultra Rare covers by Stephen Mooney & Frank Martin.,"25 August 2022, 8 AM PT",6.99,,"20,000",,,,Marvel,,,,5,1967,,
https://medium.com/veve-collectibles/marvel-artworks-skottie-young-amazing-spider-man-1-e227733110f3,2022-08-28,Marvel Artworks: Skottie Young — Amazing Spider-Man #1,Variant Cover — Original Color Artwork — April 2022,,,1,,Artist Proof,Artist Proof,,Marvel,Marvel Artworks,Skottie Young — Amazing Spider-Man #1,,,,Globally,"{""Auction Dates"": ""Mon, 29 Aug 2 PM PT — Fri, 2 Sep 2 PM PT"", ""Starting Bid"": ""1,500"", ""Entry Fee"": ""0""}"
https://medium.com/veve-collectibles/marvel-artworks-brian-stelfreeze-black-panther-25-9238d8dce68e,2022-08-28,Marvel Artworks: Brian Stelfreeze — Black Panther #25,Variant Cover — Original Color Artwork — May 2021,,,1,,Artist Proof,Artist Proof,,Marvel,Marvel Artworks,Brian Stelfreeze — Black Panther #25,,,,Globally,"{""Auction Dates"": ""Mon, 29 Aug 1 PM PT — Fri, 2 Sep 1 PM PT"", ""Starting Bid"": ""1,500"", ""Entry Fee"": ""0""}"
https://medium.com/veve-collectibles/marvel-artworks-sara-pichelli-miles-morales-spider-man-25-db7810f7eb00,2022-08-28,Marvel Artworks: Sara Pichelli — Miles Morales: Spider-Man #25,Variant Cover Ink — April 2021,,,1,,Artist Proof,Artist Proof,,Marvel,Marvel Artworks,Sara Pichelli — Miles Morales: Spider-Man #25,,,,Globally,"{""Auction Dates"": ""Mon, 29 Aug 12 PM PT — Fri, 2 Sep 12 PM PT"", ""Starting Bid"": ""1,500"", ""Entry Fee"": ""0""}"
https://medium.com/veve-collectibles/marvel-digital-comics-amazing-spider-man-300-6737b1cc5996,2022-08-29,Marvel Digital Comics — Amazing Spider-Man #300,Amazing Spider-Man #300,"30 August 2022, 8 AM PT",6.99,,"10,000",,,,Marvel,,,,5,1988,,
https://medium.com/veve-collectibles/designercon-london-2022-day-1-1316a21fcbdd,2022-08-29,DesignerCon London 2022— Day 1,"Saturday, 3 September",,,,,,,,,,,,,,,"{""Scott Tolleson"": ""2 PM BST / 6 AM PT"", ""HypeBao"": ""3 PM BST / 7 AM PT [Blind Box]"", ""XLARGE"": ""4 PM BST / 8 AM PT [Blind Box]""}"
https://medium.com/veve-collectibles/designercon-london-2022-day-1-1316a21fcbdd,2022-08-29,DesignerCon London 2022— Day 1,Scott Tolleson — DCon Mascot (U.K. Edition),"3 September 2022, 2 PM BST / 6 AM PT",25.00,"2,888",,Common,Con Exclusive,,DesignerCon,DesignerCon 2022 Collection,Scott Tolleson — DCon Mascot (U.K. Edition),,,,Globally,
https://medium.com/veve-collectibles/designercon-london-2022-day-1-1316a21fcbdd,2022-08-29,DesignerCon London 2022— Day 1,Kai Cao — HypeBao — O.G. Edition,"3 September 2022, 3 PM BST / 7 AM PT",25.00,750,,Uncommon,Con Exclusive,,DesignerCon,DesignerCon 2022 Collection,Kai Cao — HypeBao,,,,Globally,
https://medium.com/veve-collectibles/designercon-london-2022-day-1-1316a21fcbdd,2022-08-29,DesignerCon London 2022— Day 1,"Dior Edition features HypeBao cooling in a light blue hoodie with ‘Panfried’ box logo, paired with White/Grey Sneakers.","3 September 2022, 3 PM BST / 7 AM PT",25.00,550,,Rare,Con Exclusive,,DesignerCon,DesignerCon 2022 Collection,Kai Cao — HypeBao,,,,Globally,
https://medium.com/veve-collectibles/designercon-london-2022-day-1-1316a21fcbdd,2022-08-29,DesignerCon London 2022— Day 1,"Kai Edition features a hyped version of HypeBao in a white hoodie with ‘Kai’ box logo, paired with Blue/White Sneakers.","3 September 2022, 3 PM BST / 7 AM PT",25.00,450,,Ultra Rare,Con Exclusive,,DesignerCon,DesignerCon 2022 Collection,Kai Cao — HypeBao,,,,Globally,
https://medium.com/veve-collectibles/designercon-london-2022-day-1-1316a21fcbdd,2022-08-29,DesignerCon London 2022— Day 1,XLARGE — Running Keith — Modern,"3 September 2022, 4 PM BST / 8 AM PT",50.00,"1,088",,Rare,Con Exclusive,,DesignerCon,DesignerCon 2022 Collection,XLARGE — Running Keith,,,,Globally,
https://medium.com/veve-collectibles/designercon-london-2022-day-1-1316a21fcbdd,2022-08-29,DesignerCon London 2022— Day 1,XLARGE — Running Keith — Old School,"3 September 2022, 4 PM BST / 8 AM PT",50.00,788,,Ultra Rare,Con Exclusive,,DesignerCon,DesignerCon 2022 Collection,XLARGE — Running Keith,,,,Globally,
https://medium.com/veve-collectibles/designercon-london-2022-day-1-1316a21fcbdd,2022-08-29,DesignerCon London 2022— Day 1,Valfré Zodiac Girls — Fire Signs— Aries,"3 September 2022, 5 PM BST / 9 AM PT",65.00,"1,188",,Rare,Con Exclusive,,DesignerCon,DesignerCon 2022 Collection,Valfré Zodiac Girls — Fire Signs,,,,Globally,
https://medium.com/veve-collectibles/designercon-london-2022-day-1-1316a21fcbdd,2022-08-29,DesignerCon London 2022— Day 1,Find her adorned in glamorous pearls with a moonlight rainbow shining over her mane. Zodiac: July 23 - August 22.,"3 September 2022, 5 PM BST / 9 AM PT",65.00,"1,188",,Rare,Con Exclusive,,DesignerCon,DesignerCon 2022 Collection,Valfré Zodiac Girls — Fire Signs,,,,Globally,
https://medium.com/veve-collectibles/designercon-london-2022-day-1-1316a21fcbdd,2022-08-29,DesignerCon London 2022— Day 1,Valfré Zodiac Girls — Fire Signs — Sagittarius,"3 September 2022, 5 PM BST / 9 AM PT",65.00,"1,188",,Rare,Con Exclusive,,DesignerCon,DesignerCon 2022 Collection,Valfré Zodiac Girls — Fire Signs,,,,Globally,
https://medium.com/veve-collectibles/marvel-doc-ock-236edc0fcc4e,2022-08-30,Marvel — Doc Ock,Doc Ock — Sinister Foe,"31 August 2022, 8 AM PT",50.00,"7,616",,Uncommon,First Appearance,,Marvel,Spider-Man,Doc Ock,,,,Globally,
https://medium.com/veve-collectibles/marvel-doc-ock-236edc0fcc4e,2022-08-30,Marvel — Doc Ock,Doc Ock — Marvel Metallic Red,"31 August 2022, 8 AM PT",50.00,"3,616",,Ultra Rare,First Appearance,,Marvel,Spider-Man,Doc Ock,,,,Globally,
https://medium.com/veve-collectibles/marvel-doc-ock-236edc0fcc4e,2022-08-30,Marvel — Doc Ock,Doc Ock — Ultimate Animated,"31 August 2022, 8 AM PT",50.00,"1,616",,Secret Rare,First Appearance,,Marvel,Spider-Man,Doc Ock,,,,Globally,
https://medium.com/veve-collectibles/designercon-london-2022-day-2-3d0a2af0b003,2022-08-30,DesignerCon London 2022— Day 2,"Sunday, 4 September",,,,,,,,,,,,,,,"{""Lincoln Design Co."": ""2 PM BST / 6 AM PT [Blind Box]"", ""TNES"": ""3 PM BST / 7 AM PT [Blind Box]"", ""Soey Milk"": ""4 PM BST / 8 AM PT"", ""Hueman"": ""5 PM BST / 9 AM PT""}"
https://medium.com/veve-collectibles/designercon-london-2022-day-2-3d0a2af0b003,2022-08-30,DesignerCon London 2022— Day 2,"“The party is alive and well, you just have to search for it.”","4 September 2022, 2 PM BST / 6 AM PT",40.00,750,,Uncommon,Con Exclusive,,DesignerCon,DesignerCon 2022 Collection,Lincoln Design Co. Skateboards,,,,Globally,
https://medium.com/veve-collectibles/designercon-london-2022-day-2-3d0a2af0b003,2022-08-30,DesignerCon London 2022— Day 2,“Get outdoors. You can only have so much fun indoors.”,"4 September 2022, 2 PM BST / 6 AM PT",40.00,550,,Rare,Con Exclusive,,DesignerCon,DesignerCon 2022 Collection,Lincoln Design Co. Skateboards,,,,Globally,
https://medium.com/veve-collectibles/designercon-london-2022-day-2-3d0a2af0b003,2022-08-30,DesignerCon London 2022— Day 2,“Always on the grind.”,"4 September 2022, 2 PM BST / 6 AM PT",40.00,450,,Ultra Rare,Con Exclusive,,DesignerCon,DesignerCon 2022 Collection,Lincoln Design Co. Skateboards,,,,Globally,
https://medium.com/veve-collectibles/designercon-london-2022-day-2-3d0a2af0b003,2022-08-30,DesignerCon London 2022— Day 2,“Enjoy the search; it’s about the adventure.”,"4 September 2022, 2 PM BST / 6 AM PT",40.00,250,,Secret Rare,Con Exclusive,,DesignerCon,DesignerCon 2022 Collection,Lincoln Design Co. Skateboards,,,,Globally,
https://medium.com/veve-collectibles/designercon-london-2022-day-2-3d0a2af0b003,2022-08-30,DesignerCon London 2022— Day 2,TNES — ILLAZILLAZ— Fire Element,"4 September 2022, 3 PM BST / 7 AM PT",30.00,999,,Common,Con Exclusive,,DesignerCon,DesignerCon 2022 Collection,TNES — ILLAZILLAZ,,,,Globally,
https://medium.com/veve-collectibles/designercon-london-2022-day-2-3d0a2af0b003,2022-08-30,DesignerCon London 2022— Day 2,TNES — ILLAZILLAZ — Earth Element,"4 September 2022, 3 PM BST / 7 AM PT",30.00,888,,Uncommon,Con Exclusive,,DesignerCon,DesignerCon 2022 Collection,TNES — ILLAZILLAZ,,,,Globally,
https://medium.com/veve-collectibles/designercon-london-2022-day-2-3d0a2af0b003,2022-08-30,DesignerCon London 2022— Day 2,TNES — ILLAZILLAZ —Metal Element,"4 September 2022, 3 PM BST / 7 AM PT",30.00,777,,Rare,Con Exclusive,,DesignerCon,DesignerCon 2022 Collection,TNES — ILLAZILLAZ,,,,Globally,
https://medium.com/veve-collectibles/designercon-london-2022-day-2-3d0a2af0b003,2022-08-30,DesignerCon London 2022— Day 2,TNES — ILLAZILLAZ — Wood Element,"4 September 2022, 3 PM BST / 7 AM PT",30.00,444,,Ultra Rare,Con Exclusive,,DesignerCon,DesignerCon 2022 Collection,TNES — ILLAZILLAZ,,,,Globally,
https://medium.com/veve-collectibles/designercon-london-2022-day-2-3d0a2af0b003,2022-08-30,DesignerCon London 2022— Day 2,TNES — ILLAZILLAZ — Water Element,"4 September 2022, 3 PM BST / 7 AM PT",30.00,111,,Secret Rare,Con Exclusive,,DesignerCon,DesignerCon 2022 Collection,TNES — ILLAZILLAZ,,,,Globally,
https://medium.com/veve-collectibles/designercon-london-2022-day-2-3d0a2af0b003,2022-08-30,DesignerCon London 2022— Day 2,Soey Milk —UYU & DONKOCAT,"4 September 2022, 4 PM BST / 8 AM PT",65.00,"1,188",,Rare,Con Exclusive,,DesignerCon,DesignerCon 2022 Collection,Soey Milk — UYU & DONKOCAT,,,,Globally,
https://medium.com/veve-collectibles/designercon-london-2022-day-2-3d0a2af0b003,2022-08-30,DesignerCon London 2022— Day 2,Hueman— Chrysalis,"4 September 2022, 5 PM BST / 9 AM PT",120.00,"1,288",,Rare,Con Exclusive,,DesignerCon,DesignerCon 2022 Collection,Hueman — Chrysalis,,,,Globally,
https://medium.com/veve-collectibles/phygital-bundle-jermaine-rogers-choices-underbrush-ed91e31bc06a,2022-09-01,Phygital Bundle: Jermaine Rogers — CHOICES Underbrush,This digital print is part of an exclusive “phygital” t-shirt + NFT bundle for DCon London 2022.,3 September 2022,,100,,Secret Rare,Con Exclusive,,Jermaine Rogers,CHOICES,CHOICES (Underbrush),,,,,"{""Phygital Bundle Price"": ""$150.00""}"
https://medium.com/veve-collectibles/marvel-artworks-peach-momoko-ghost-spider-2-6501cc0a99d2,2022-09-05,Marvel Artworks: Peach Momoko — Ghost-Spider #2,“This was one of my very early cover art pieces with Marvel. And I am still very proud of it.” — Peach Momoko,,,1,,Artist Proof,Artist Proof,,Marvel,Marvel Artworks,Peach Momoko — Ghost-Spider #2,,,,Globally,"{""Auction Dates"": ""Mon, 5 Sep 12 PM PT — Fri, 9 Sep 12 PM PT"", ""Starting Bid"": ""1,500"", ""Entry Fee"": ""0""}"
https://medium.com/veve-collectibles/marvel-artworks-adam-kubert-wolverine-107-f75ce710c6bf,2022-09-05,Marvel Artworks: Adam Kubert — Wolverine #107,Adam Kubert — Wolverine #107,,,1,,Artist Proof,Artist Proof,,Marvel,Marvel Artworks,Adam Kubert — Wolverine #107,,,,Globally,"{""Auction Dates"": ""Mon, 5 Sep 1 PM PT — Fri, 9 Sep 1 PM PT"", ""Starting Bid"": ""1,500"", ""Entry Fee"": ""0""}"
https://medium.com/veve-collectibles/star-trek-the-next-generation-romulan-dderidex-warbird-fcaabe87a19c,2022-09-07,Star Trek: The Next Generation— Romulan D’deridex Warbird,Romulan D’deridex Warbird,8 Sep 2022 at 8 AM PT,120.00,"5,888",,Ultra Rare,First Edition,,Star Trek,Star Trek: The Next Generation,Starships — S2,,,,Globally,
https://medium.com/veve-collectibles/disney-mickey-mouse-nft-collection-the-sorcerers-apprentice-mickey-3be407584acb,2022-09-07,Disney Mickey Mouse NFT Collection — The Sorcerer’s Apprentice Mickey,Too Much Magic!,16 Sep 2022 at 8 AM PT,60.00,"8,888",,Uncommon,,,Disney,The Mickey Mouse NFT Collection,Series 3 — The Sorcerer’s Apprentice Mickey,,,,Globally,
https://medium.com/veve-collectibles/disney-mickey-mouse-nft-collection-the-sorcerers-apprentice-mickey-3be407584acb,2022-09-07,Disney Mickey Mouse NFT Collection — The Sorcerer’s Apprentice Mickey,A Powerful Dream,16 Sep 2022 at 8 AM PT,60.00,"5,555",,Ultra Rare,,,Disney,The Mickey Mouse NFT Collection,Series 3 — The Sorcerer’s Apprentice Mickey,,,,Globally,
https://medium.com/veve-collectibles/disney-mickey-mouse-nft-collection-the-sorcerers-apprentice-mickey-3be407584acb,2022-09-07,Disney Mickey Mouse NFT Collection — The Sorcerer’s Apprentice Mickey,Casting The First Spell,16 Sep 2022 at 8 AM PT,60.00,"1,940",,Secret Rare,,,Disney,The Mickey Mouse NFT Collection,Series 3 — The Sorcerer’s Apprentice Mickey,,,,Globally,
https://medium.com/veve-collectibles/disney-golden-moments-finale-98c238cb776b,2022-09-07,Disney Golden Moments Finale,Disney Golden Moments Finale — Magic Lamp from Aladdin,"9 September, 8 AM PT",40.00,"10,000",,Uncommon,First Edition,,Disney,Disney Golden Moments,Disney Golden Moments Finale,,,,,"{""Wish 1"": ""Unlocks one Disney D NFT for the original Magic Lamp from Aladdin holder on 9/9/22."", ""Wish 2"": ""A promo code providing a reservation for 7 days to purchase The Sorcerer’s Apprentice Mickey NFT scheduled for release in September ’22. See description link below for details.""}"
https://medium.com/veve-collectibles/disney-golden-moments-finale-98c238cb776b,2022-09-07,Disney Golden Moments Finale,Disney D,,,"10,000",,Uncommon,First Edition,,Disney,Disney Golden Moments,Disney Golden Moments Finale,,,,,
https://medium.com/veve-collectibles/marvel-artworks-steve-mcniven-captain-america-25-57f721df413e,2022-09-12,Marvel Artworks: Steve McNiven— Captain America #25,The cover was coloured from this handmade pencil shaded drawing.,,,1,,Artist Proof,Artist Proof,,Marvel,Marvel Artworks,Steve McNiven — Captain America #25,,,,Globally,"{""Auction Dates"": ""Mon, 12 Sep at 12 PM PT — Fri, 16 Sep 12 PM PT"", ""Starting Bid"": ""1,500"", ""Entry Fee"": ""0""}"
https://medium.com/veve-collectibles/marvel-digital-comics-all-new-ghost-rider-1-7814b3df8118,2022-09-14,Marvel Digital Comics — All-New Ghost-Rider #1,This release features VeVe-Exclusive Rare and Ultra Rare covers by David Baldeon.,"15 September 2022, 8 AM PT",6.99,,"20,000",,,,Marvel,,,,5,2014,,
https://medium.com/veve-collectibles/veve-artworks-gary-baseman-i-will-always-believe-your-lies-76f3c16af265,2022-09-18,VeVe Artworks: Gary Baseman — I Will Always Believe Your Lies,I Will Always Believe Your Lies,,,1,,Artist Proof,Artist Proof,,Gary Baseman,Artworks — Gary Baseman,Gary Baseman — For the Love of Toby,,,,Globally,"{""Bonus Utility"": ""Winner of the silent auction also receives a 1/1 signed physical print (shipped anywhere in the world) and the opportunity to bring up to 3 friends for lunch with Gary and David Yu in or around Los Angeles during DesignerCon Anaheim weekend, Nov. 2022!"", ""Auction Dates"": ""Mon, 19 Sep 12 PM PT — Fri, 23 Sep 12 PM PT"", ""Starting Bid"": ""1,000"", ""Entry Fee"": ""0""}"
https://medium.com/veve-collectibles/marvel-digital-comics-nova-2013-1-dca7a91cf89,2022-09-19,Marvel Digital Comics — Nova (2013) #1,This release features VeVe-Exclusive Rare and Ultra Rare covers by Todd Nauck & Rachelle Rosenberg.,"20 September 2022, 8 AM PT",6.99,,"20,000",,,,Marvel,,,,5,2013,,
https://medium.com/veve-collectibles/the-art-of-disneyland-paris-series-335cd1a6da61,2022-09-23,The Art of Disneyland® Paris Series,Big Thunder Mountain,"Sun, 25 September 8 AM PT",40.00,"1,992",,Secret Rare,First Edition,,Disney,The Disneyland® Paris 30th Anniversary Collection,The Art of Disneyland® Paris Series,,,,Globally,
https://medium.com/veve-collectibles/the-art-of-disneyland-paris-series-335cd1a6da61,2022-09-23,The Art of Disneyland® Paris Series,“it’s a small world”,"Sun, 25 September 8 AM PT",40.00,"1,992",,Secret Rare,First Edition,,Disney,The Disneyland® Paris 30th Anniversary Collection,The Art of Disneyland® Paris Series,,,,Globally,
https://medium.com/veve-collectibles/the-art-of-disneyland-paris-series-335cd1a6da61,2022-09-23,The Art of Disneyland® Paris Series,Orbitron®,"Sun, 25 September 8 AM PT",40.00,"1,992",,Secret Rare,First Edition,,Disney,The Disneyland® Paris 30th Anniversary Collection,The Art of Disneyland® Paris Series,,,,Globally,
https://medium.com/veve-collectibles/the-art-of-disneyland-paris-series-335cd1a6da61,2022-09-23,The Art of Disneyland® Paris Series,Pirates of the Caribbean,"Sun, 25 September 8 AM PT",40.00,"1,992",,Secret Rare,First Edition,,Disney,The Disneyland® Paris 30th Anniversary Collection,The Art of Disneyland® Paris Series,,,,Globally,
https://medium.com/veve-collectibles/the-art-of-disneyland-paris-series-335cd1a6da61,2022-09-23,The Art of Disneyland® Paris Series,Sleeping Beauty Castle,"Sun, 25 September 8 AM PT",40.00,"1,333",,Secret Rare,First Edition,,Disney,The Disneyland® Paris 30th Anniversary Collection,The Art of Disneyland® Paris Series,,,,Globally,
https://medium.com/veve-collectibles/marvel-artworks-humberto-ramos-amazing-spider-man-692-caeb09985c0d,2022-09-25,Marvel Artworks: Humberto Ramos — Amazing Spider-Man #692,This is Humberto’s 50th Anniversary cover inks for the Amazing Spider-Man #692.,,,1,,Artist Proof,Artist Proof,,Marvel,Marvel Artworks,Humberto Ramos —The Amazing Spider-Man #692,,,,Globally,"{""Auction Dates"": ""Mon, 26 Sep 12 PM PT — Fri, 30 Sep 12 PM PT"", ""Starting Bid"": ""1,500"", ""Entry Fee"": ""0""}"
https://medium.com/veve-collectibles/star-wars-vehicles-collection-series-1-1c0e49f18565,2022-09-28,Star Wars™ Vehicles Collection — Series 1,Darth Vader’s TIE Fighter,"30 September, 8 AM PT",80.00,"11,888",,Common,First Edition,,Star Wars,Star Wars Vehicles Collection,Star Wars Vehicles Series 1,,,,,
https://medium.com/veve-collectibles/star-wars-vehicles-collection-series-1-1c0e49f18565,2022-09-28,Star Wars™ Vehicles Collection — Series 1,Scythe,"30 September, 8 AM PT",80.00,"2,888",,Ultra Rare,First Edition,,Star Wars,Star Wars Vehicles Collection,Star Wars Vehicles Series 1,,,,,
https://medium.com/veve-collectibles/live-action-ultraman-1dfb6edfd225,2022-09-30,Live-Action Ultraman,ZOFFY,"Sun, 2 October at 8 AM PT",40.00,"3,850",,Common,First Appearance,,Tsuburaya,Ultraman,Live-Action Ultraman,,,,Globally (Excluding China and Japan),
https://medium.com/veve-collectibles/live-action-ultraman-1dfb6edfd225,2022-09-30,Live-Action Ultraman,ULTRAMAN JACK,"Sun, 2 October at 8 AM PT",40.00,"3,150",,Uncommon,First Appearance,,Tsuburaya,Ultraman,Live-Action Ultraman,,,,Globally (Excluding China and Japan),
https://medium.com/veve-collectibles/live-action-ultraman-1dfb6edfd225,2022-09-30,Live-Action Ultraman,ULTRASEVEN,"Sun, 2 October at 8 AM PT",40.00,"2,450",,Rare,,,Tsuburaya,Ultraman,Live-Action Ultraman,,,,Globally (Excluding China and Japan),
https://medium.com/veve-collectibles/live-action-ultraman-1dfb6edfd225,2022-09-30,Live-Action Ultraman,ULTRAMAN ACE,"Sun, 2 October at 8 AM PT",40.00,"1,750",,Ultra Rare,,,Tsuburaya,Ultraman,Live-Action Ultraman,,,,Globally (Excluding China and Japan),
https://medium.com/veve-collectibles/marvel-artworks-arthur-adams-immortal-hulk-4-c06f04ab07bc,2022-10-02,Marvel Artworks: Arthur Adams— Immortal Hulk #4,Arthur Adams —Immortal Hulk #4,,,1,,Artist Proof,Artist Proof,,Marvel,Marvel Artworks,Arthur Adams — Immortal Hulk #4,,,,Globally,"{""Auction Dates"": ""Mon, 3 Oct 12 PM PT — Fri, 7 Oct 12 PM PT"", ""Starting Bid"": ""1,500"", ""Entry Fee"": ""0""}"
https://medium.com/veve-collectibles/marvel-nycc-2022-con-exclusives-67409a865d68,2022-10-02,Marvel — NYCC 2022 — Con Exclusives,Welcome To New York — Poster,"5 October 2022, 8 AM PT",60.00,"2,900",,Ultra Rare,Con Exclusive,,Marvel,Marvel,Welcome to New York,,,,Globally,
https://medium.com/veve-collectibles/marvel-nycc-2022-con-exclusives-67409a865d68,2022-10-02,Marvel — NYCC 2022 — Con Exclusives,The Man Without Fear. He is Daredevil. This must-have digital collectible features Daredevil in premium digital format.,"6 October 2022, 8 AM PT",50.00,"5,800",,Rare,First Appearance,,Marvel,Daredevil,Daredevil,,,,Globally,
https://medium.com/veve-collectibles/marvel-nycc-2022-con-exclusives-67409a865d68,2022-10-02,Marvel — NYCC 2022 — Con Exclusives,This Super Limited Edition release features VeVe-Exclusive Rare & Ultra Rare covers by Sergio DaVila.,"7 October 2022, 8 AM PT",6.99,,"10,000",,,,Marvel,,,,5,1966,,
https://medium.com/veve-collectibles/marvel-nycc-2022-con-exclusives-67409a865d68,2022-10-02,Marvel — NYCC 2022 — Con Exclusives,Scepter,"8 October 2022, 8 AM PT",30.00,"6,500",,Uncommon,Con Exclusive,,Marvel,Marvel’s The Avengers,Scepter,,,,Globally,
https://medium.com/veve-collectibles/marvel-nycc-2022-con-exclusives-67409a865d68,2022-10-02,Marvel — NYCC 2022 — Con Exclusives,Mysterio — Master of Illusions,"9 October 2022, 8 AM PT",50.00,"3,000",,Rare,First Appearance,,Marvel,Spider-Man,Mysterio,,,,Globally,
https://medium.com/veve-collectibles/marvel-nycc-2022-con-exclusives-67409a865d68,2022-10-02,Marvel — NYCC 2022 — Con Exclusives,Mysterio — Smoke and Mirrors,"9 October 2022, 8 AM PT",50.00,"2,000",,Ultra Rare,First Appearance,,Marvel,Spider-Man,Mysterio,,,,Globally,
https://medium.com/veve-collectibles/james-bond-007-60th-anniversary-limited-edition-posters-series-1-f749aaa224ae,2022-10-04,James Bond 007 —60th Anniversary Limited-Edition Posters — Series 1,Poster 1 — Dr. No — UK Quad Poster,"5 October, 2022 at 12 PM PT",40.00,"1,962",,Ultra Rare,,,James Bond,60th Anniversary — Poster,1,,,,Globally,
https://medium.com/veve-collectibles/james-bond-007-60th-anniversary-limited-edition-posters-series-1-f749aaa224ae,2022-10-04,James Bond 007 —60th Anniversary Limited-Edition Posters — Series 1,"Averado Ciriello’s artwork promises sensuality, stylish intrigue and thrills for the Italian market.","5 October, 2022 at 12 PM PT",40.00,"1,963",,Ultra Rare,,,James Bond,60th Anniversary — Poster,1,,,,Globally,
https://medium.com/veve-collectibles/james-bond-007-60th-anniversary-limited-edition-posters-series-1-f749aaa224ae,2022-10-04,James Bond 007 —60th Anniversary Limited-Edition Posters — Series 1,Poster 3 — Goldfinger — Danish One Sheet Poster,"5 October, 2022 at 12 PM PT",40.00,"1,964",,Ultra Rare,,,James Bond,60th Anniversary — Poster,1,,,,Globally,
https://medium.com/veve-collectibles/james-bond-007-60th-anniversary-limited-edition-posters-series-1-f749aaa224ae,2022-10-04,James Bond 007 —60th Anniversary Limited-Edition Posters — Series 1,Poster 4 — Thunderball — UK Quad Poster,"5 October, 2022 at 12 PM PT",40.00,"1,965",,Ultra Rare,,,James Bond,60th Anniversary — Poster,1,,,,Globally,
https://medium.com/veve-collectibles/james-bond-007-60th-anniversary-limited-edition-posters-series-1-f749aaa224ae,2022-10-04,James Bond 007 —60th Anniversary Limited-Edition Posters — Series 1,Poster 5 — You Only Live Twice — UK Quad Poster,"5 October, 2022 at 12 PM PT",40.00,"1,967",,Ultra Rare,,,James Bond,60th Anniversary — Poster,1,,,,Globally,
https://medium.com/veve-collectibles/james-bond-007-60th-anniversary-limited-edition-posters-series-1-f749aaa224ae,2022-10-04,James Bond 007 —60th Anniversary Limited-Edition Posters — Series 1,Poster 6 — On Her Majesty’s Secret Service — French Door Panel Poster,"5 October, 2022 at 12 PM PT",40.00,"1,969",,Ultra Rare,,,James Bond,60th Anniversary — Poster,1,,,,Globally,
https://medium.com/veve-collectibles/james-bond-007-60th-anniversary-limited-edition-posters-series-1-f749aaa224ae,2022-10-04,James Bond 007 —60th Anniversary Limited-Edition Posters — Series 1,Poster 7 — Diamonds Are Forever — Japanese One Sheet Poster,"5 October, 2022 at 12 PM PT",40.00,"1,971",,Ultra Rare,,,James Bond,60th Anniversary — Poster,1,,,,Globally,
https://medium.com/veve-collectibles/james-bond-007-60th-anniversary-limited-edition-posters-series-1-f749aaa224ae,2022-10-04,James Bond 007 —60th Anniversary Limited-Edition Posters — Series 1,Poster 8 — Thunderball — Danish One Sheet Poster (Airdrop),,,,,Secret Rare,,,James Bond,60th Anniversary — Poster,1,,,,Globally,
https://medium.com/veve-collectibles/marvel-digital-comics-new-mutants-1-e6a7566c3233,2022-10-10,Marvel Digital Comics — New Mutants #1,This release features VeVe-Exclusive Rare and Ultra Rare covers by Philip Tan & Israel Silva.,"11 October 2022, 8 AM PT",6.99,,"20,000",,,,Marvel,,,,5,1982,,
https://medium.com/veve-collectibles/star-wars-digital-comics-krrsantan-star-wars-tales-1-4a17df179cd,2022-10-11,Star Wars™ Digital Comics — Krrsantan: Star Wars Tales #1,Digital comic variant covers include physical variants from books within this anthology.,"12 October 2022, 8 AM PT",6.99,,,,,,Star Wars,,,,5,2022,,
https://medium.com/veve-collectibles/marvel-spider-man-miles-morales-5689b45d06c4,2022-10-12,Marvel — Spider-Man: Miles Morales,Blind Boxes,"13 October 2022, 8 AM PT",50.00,"1,750",,Rare,First Appearance,,Marvel,Spider-Man,Spider-Man: Miles Morales,,,,Globally,
https://medium.com/veve-collectibles/marvel-spider-man-miles-morales-5689b45d06c4,2022-10-12,Marvel — Spider-Man: Miles Morales,Blind Boxes,"13 October 2022, 8 AM PT",50.00,"1,000",,Ultra Rare,First Appearance,,Marvel,Spider-Man,Spider-Man: Miles Morales,,,,Globally,
https://medium.com/veve-collectibles/marvel-spider-man-miles-morales-5689b45d06c4,2022-10-12,Marvel — Spider-Man: Miles Morales,Blind Boxes,"13 October 2022, 8 AM PT",50.00,250,,Secret Rare,First Appearance,,Marvel,Spider-Man,Spider-Man: Miles Morales,,,,Globally,
https://medium.com/veve-collectibles/marvel-digital-comics-wolverine-2003-66-dbadbc670eaf,2022-10-13,Marvel Digital Comics — Wolverine (2003) #66,Wolverine (2003) #66,"14 October 2022, 8 AM PT",6.99,,"20,000",,,,Marvel,,,,5,2008,,
https://medium.com/veve-collectibles/usps-stamp-art-mariachi-d3eeb0da2bb9,2022-10-14,USPS — Stamp Art — Mariachi,Mariachi — Guitar Player,15 October 2022 8 AM PT,6.00,"4,800",,Common,First Edition,,USPS,Stamp Art,Mariachi,,,,Globally,
https://medium.com/veve-collectibles/usps-stamp-art-mariachi-d3eeb0da2bb9,2022-10-14,USPS — Stamp Art — Mariachi,Mariachi — Guitarrón Player,15 October 2022 8 AM PT,6.00,"4,800",,Common,First Edition,,USPS,Stamp Art,Mariachi,,,,Globally,
https://medium.com/veve-collectibles/usps-stamp-art-mariachi-d3eeb0da2bb9,2022-10-14,USPS — Stamp Art — Mariachi,Mariachi — Trumpet Player,15 October 2022 8 AM PT,6.00,"3,800",,Uncommon,First Edition,,USPS,Stamp Art,Mariachi,,,,Globally,
https://medium.com/veve-collectibles/usps-stamp-art-mariachi-d3eeb0da2bb9,2022-10-14,USPS — Stamp Art — Mariachi,Mariachi — Vihuela Player,15 October 2022 8 AM PT,6.00,"2,800",,Rare,First Edition,,USPS,Stamp Art,Mariachi,,,,Globally,
https://medium.com/veve-collectibles/usps-stamp-art-mariachi-d3eeb0da2bb9,2022-10-14,USPS — Stamp Art — Mariachi,Mariachi — Violin Player,15 October 2022 8 AM PT,6.00,"1,800",,Ultra Rare,First Edition,,USPS,Stamp Art,Mariachi,,,,Globally,
https://medium.com/veve-collectibles/usps-stamp-art-mariachi-d3eeb0da2bb9,2022-10-14,USPS — Stamp Art — Mariachi,Mariachi Souvenir Sheet,15 October 2022 8 AM PT,6.00,800,,Secret Rare,First Edition,,USPS,Stamp Art,Mariachi,,,,Globally,
https://medium.com/veve-collectibles/creatures-of-jim-hensons-labyrinth-4b23048fba7c,2022-10-15,Creatures of Jim Henson’s Labyrinth,Ludo,"Sunday, 16 October 8 AM PT",30.00,"4,800",,Common,First Appearance,,Jim Henson,Labyrinth,Creatures of Jim Henson’s Labyrinth,,,,,
https://medium.com/veve-collectibles/creatures-of-jim-hensons-labyrinth-4b23048fba7c,2022-10-15,Creatures of Jim Henson’s Labyrinth,Hoggle,"Sunday, 16 October 8 AM PT",30.00,"3,600",,Uncommon,First Appearance,,Jim Henson,Labyrinth,Creatures of Jim Henson’s Labyrinth,,,,,
https://medium.com/veve-collectibles/creatures-of-jim-hensons-labyrinth-4b23048fba7c,2022-10-15,Creatures of Jim Henson’s Labyrinth,Goblin Knight,"Sunday, 16 October 8 AM PT",30.00,"2,300",,Rare,First Appearance,,Jim Henson,Labyrinth,Creatures of Jim Henson’s Labyrinth,,,,,
https://medium.com/veve-collectibles/creatures-of-jim-hensons-labyrinth-4b23048fba7c,2022-10-15,Creatures of Jim Henson’s Labyrinth,Sir Didymus,"Sunday, 16 October 8 AM PT",30.00,"1,986",,Secret Rare,First Appearance,,Jim Henson,Labyrinth,Creatures of Jim Henson’s Labyrinth,,,,,
https://medium.com/veve-collectibles/marvel-artworks-brian-stelfreeze-miles-morales-spider-man-1-82ae88be8420,2022-10-16,Marvel Artworks: Brian Stelfreeze — Miles Morales Spider-Man #1,Brian Stelfreeze — Miles Morales: Spider-Man #1,,,1,,Artist Proof,Artist Proof,,Marvel,Marvel Artworks,Brian Stelfreeze — Miles Morales: Spider-Man #1,,,,Globally,"{""Auction Dates"": ""Mon, 17 Oct at 12 PM PT — Fri, 21 Oct at 12 PM PT"", ""Starting Bid"": ""1,500"", ""Entry Fee"": ""0""}"
https://medium.com/veve-collectibles/marvel-digital-comics-amazing-spider-man-238-b2ec4f5512da,2022-10-17,Marvel Digital Comics — Amazing Spider-Man #238,This release features VeVe-Exclusive Rare and Ultra Rare covers by Will Sliney and Rachelle Rosenberg.,"18 October 2022, 8 AM PT",6.99,,"10,000",,,,Marvel,,,,5,1983,,
https://medium.com/veve-collectibles/back-to-the-future-part-ii-delorean-time-machine-c9b5365dafe6,2022-10-19,Back to the Future Part II — DeLorean Time Machine,"“Where we’re going, we don’t need roads!”","Friday, 21 October at 8 AM PT",80.00,"5,888",,Ultra Rare,,,Universal Games and Digital Platforms,Back to the Future Part II,DeLorean Time Machine,,,,,
https://medium.com/veve-collectibles/veve-x-dcon-collection-2022-camille-rose-garcia-291d1cb3c835,2022-10-22,VeVe x DCon Collection 2022 — Camille Rose Garcia,Camille Rose Garcia — Witch Tricks,24 October 2022 12 PM PT,45.00,666,,Ultra Rare,Con Exclusive,,DesignerCon,DesignerCon 2022 Collection,Camille Rose Garcia — Witch Tricks,,,,,
https://medium.com/veve-collectibles/veve-x-dcon-collection-2022-mike-egan-533e2ca8bf3d,2022-10-23,VeVe x DCon Collection 2022 — Mike Egan,Boo The Cat — Haunted Edition — Mike Egan,25 October 2022 12 PM PT,40.00,666,,Ultra Rare,Con Exclusive,,DesignerCon,DesignerCon 2022 Collection,Mike Egan — Boo The Cat,,,,,
https://medium.com/veve-collectibles/marvel-artworks-mark-brooks-amazing-spider-man-49-a1bc74438434,2022-10-23,Marvel Artworks: Mark Brooks — Amazing Spider-Man #49,Mark Brooks — Amazing Spider-Man #49,,,1,,Artist Proof,Artist Proof,,Marvel,Marvel Artworks,Mark Brooks — Amazing Spider-Man #49,,,,Globally,"{""Auction Dates"": ""Mon, 24 Oct 12 PM PT — Fri, 28 Oct 12 PM PT"", ""Starting Bid"": ""1,500"", ""Entry Fee"": ""0""}"
https://medium.com/veve-collectibles/veve-x-dcon-collection-2022-ron-the-killer-a2d679a8a2ac,2022-10-24,VeVe x DCon Collection 2022 — Ron The Killer,Mr. BONES — Boxer & Blocker — Ron The Killer,26 October 2022 12 PM PT,50.00,666,,Ultra Rare,Con Exclusive,,DesignerCon,DesignerCon 2022 Collection,Ron The Killer — Mr. BONES,,,,,
https://medium.com/veve-collectibles/veve-x-dcon-collection-2022-sket-ones-greaper-597538cf17be,2022-10-24,VeVe x DCon Collection 2022 — Sket One’s Greaper,O.G. Greaper — Sket One,27 October 2022 12 PM PT,30.00,666,,Ultra Rare,Con Exclusive,,DesignerCon,DesignerCon 2022 Collection,Sket One — Greaper,,,,,
https://medium.com/veve-collectibles/veve-x-dcon-collection-2022-sket-ones-greaper-597538cf17be,2022-10-24,VeVe x DCon Collection 2022 — Sket One’s Greaper,Mercury Greaper — Sket One,27 October 2022 12 PM PT,30.00,666,,Ultra Rare,Con Exclusive,,DesignerCon,DesignerCon 2022 Collection,Sket One — Greaper,,,,,
https://medium.com/veve-collectibles/veve-x-dcon-collection-2022-sket-ones-greaper-597538cf17be,2022-10-24,VeVe x DCon Collection 2022 — Sket One’s Greaper,Phase 1 Greaper — Sket One,27 October 2022 12 PM PT,30.00,666,,Ultra Rare,Con Exclusive,,DesignerCon,DesignerCon 2022 Collection,Sket One — Greaper,,,,,
https://medium.com/veve-collectibles/veve-x-dcon-collection-2022-sket-ones-greaper-597538cf17be,2022-10-24,VeVe x DCon Collection 2022 — Sket One’s Greaper,Black Death Greaper — Sket One,27 October 2022 12 PM PT,30.00,266,,Secret Rare,Con Exclusive,,DesignerCon,DesignerCon 2022 Collection,Sket One — Greaper,,,,,
https://medium.com/veve-collectibles/marvel-digital-comics-marvel-zombies-2005-1-5-1ccf29c2ee0c,2022-10-24,Marvel Digital Comics — Marvel Zombies (2005)#1–5,Marvel Zombies #1,"25 October 2022, 8 AM PT",6.99,,"10,000",,,,Marvel,,,,5,2005,,
https://medium.com/veve-collectibles/marvel-digital-comics-marvel-zombies-2005-1-5-1ccf29c2ee0c,2022-10-24,Marvel Digital Comics — Marvel Zombies (2005)#1–5,This release features VeVe-Exclusive Rare and Ultra Rare covers by Stephen Mooney and Edgar Delgado.,"26 October 2022, 8 AM PT",6.99,,"10,000",,,,Marvel,,,,5,2006,,
https://medium.com/veve-collectibles/marvel-digital-comics-marvel-zombies-2005-1-5-1ccf29c2ee0c,2022-10-24,Marvel Digital Comics — Marvel Zombies (2005)#1–5,This release features VeVe-Exclusive Rare and Ultra Rare covers by Will Sliney and Rachelle Rosenberg.,"27 October 2022, 8 AM PT",6.99,,"10,000",,,,Marvel,,,,5,2006,,
https://medium.com/veve-collectibles/marvel-digital-comics-marvel-zombies-2005-1-5-1ccf29c2ee0c,2022-10-24,Marvel Digital Comics — Marvel Zombies (2005)#1–5,This release features VeVe-Exclusive Rare and Ultra Rare covers by Nicoletta Baldari.,"28 October 2022, 8 AM PT",6.99,,"10,000",,,,Marvel,,,,5,2006,,
https://medium.com/veve-collectibles/marvel-digital-comics-marvel-zombies-2005-1-5-1ccf29c2ee0c,2022-10-24,Marvel Digital Comics — Marvel Zombies (2005)#1–5,This release features VeVe-Exclusive Rare and Ultra Rare covers by Marco Turini.,"29 October 2022, 8 AM PT",6.99,,"10,000",,,,Marvel,,,,5,2006,,
https://medium.com/veve-collectibles/childs-play-2-chucky-61bac0d7722,2022-10-27,Child’s Play 2 — Chucky,“He wants you as a best friend.” But don’t let his innocence fool you!,"Friday, 28 October at 12 PM PT",40.00,"6,666",,Uncommon,,,Universal Games and Digital Platforms,Child’s Play 2,Child’s Play 2,,,,,
https://medium.com/veve-collectibles/childs-play-2-chucky-61bac0d7722,2022-10-27,Child’s Play 2 — Chucky,Chucky is ready to get back into his murderous ways as he tracks down Andy Barclay to attempt to claim a human body.,"Friday, 28 October at 12 PM PT",40.00,"3,666",,Ultra Rare,,,Universal Games and Digital Platforms,Child’s Play 2,Child’s Play 2,,,,,
https://medium.com/veve-collectibles/childs-play-2-chucky-61bac0d7722,2022-10-27,Child’s Play 2 — Chucky,“It’s Time To Play” Poster (Airdrop),,,TBD,,Secret Rare,,,Universal Games and Digital Platforms,Child’s Play 2,Child’s Play 2,,,,,
https://medium.com/veve-collectibles/disney-villains-series-2-830098a515bd,2022-10-28,Disney Villains — Series 2,"Armed with her golden staff, Maleficent is poised to overtake your collection with this emoji-style 3D statue.","Sunday, 30 October 12 PM PT",20.00,"7,500",,Common,First Appearance,,Disney,Disney Villains Collection,Disney Villains — Series 2,,,,,
https://medium.com/veve-collectibles/disney-villains-series-2-830098a515bd,2022-10-28,Disney Villains — Series 2,"Armed with her golden staff, Maleficent is poised to overtake your collection with this emoji-style 3D statue.","Sunday, 30 October 12 PM PT",20.00,"4,500",,Uncommon,First Appearance,,Disney,Disney Villains Collection,Disney Villains — Series 2,,,,,
https://medium.com/veve-collectibles/disney-villains-series-2-830098a515bd,2022-10-28,Disney Villains — Series 2,"Armed with her golden staff, Maleficent is poised to overtake your collection with this emoji-style 3D statue.","Sunday, 30 October 12 PM PT",20.00,"3,500",,Rare,,,Disney,Disney Villains Collection,Disney Villains — Series 2,,,,,
https://medium.com/veve-collectibles/disney-villains-series-2-830098a515bd,2022-10-28,Disney Villains — Series 2,"Armed with her golden staff, Maleficent is poised to overtake your collection with this emoji-style 3D statue.","Sunday, 30 October 12 PM PT",20.00,"2,500",,Ultra Rare,First Appearance,,Disney,Disney Villains Collection,Disney Villains — Series 2,,,,,
https://medium.com/veve-collectibles/disney-hocus-pocus-2-poster-series-9a6dd62f94d8,2022-10-29,Disney Hocus Pocus 2 Poster Series,Light This Candle,"31 October, 2022 at 12 PM PT",40.00,"1,313",,Ultra Rare,First Edition,,Disney,Disney Hocus Pocus 2 Collection,Disney Hocus Pocus 2 Poster Series,,,,Globally,
https://medium.com/veve-collectibles/disney-hocus-pocus-2-poster-series-9a6dd62f94d8,2022-10-29,Disney Hocus Pocus 2 Poster Series,"Halloween fun will run ‘’amuck, amuck, amuck!” with this magical masterpiece of Sarah Sanderson.","31 October, 2022 at 12 PM PT",40.00,"1,313",,Ultra Rare,First Edition,,Disney,Disney Hocus Pocus 2 Collection,Disney Hocus Pocus 2 Poster Series,,,,Globally,
https://medium.com/veve-collectibles/disney-hocus-pocus-2-poster-series-9a6dd62f94d8,2022-10-29,Disney Hocus Pocus 2 Poster Series,Celebrate the season of the witch with this spellbinding poster of Mary Sanderson.,"31 October, 2022 at 12 PM PT",40.00,"1,313",,Ultra Rare,First Edition,,Disney,Disney Hocus Pocus 2 Collection,Disney Hocus Pocus 2 Poster Series,,,,Globally,
https://medium.com/veve-collectibles/disney-hocus-pocus-2-poster-series-9a6dd62f94d8,2022-10-29,Disney Hocus Pocus 2 Poster Series,Brew up a cauldron of fun with this potent portrait of Winifred “Winnie” Sanderson.,"31 October, 2022 at 12 PM PT",40.00,"1,313",,Ultra Rare,First Edition,,Disney,Disney Hocus Pocus 2 Collection,Disney Hocus Pocus 2 Poster Series,,,,Globally,
https://medium.com/veve-collectibles/disney-hocus-pocus-2-poster-series-9a6dd62f94d8,2022-10-29,Disney Hocus Pocus 2 Poster Series,Your favorite three witches have returned from 17th Century Salem for more comic chaos in this collectible poster.,,,TBD,,,First Edition,,Disney,Disney Hocus Pocus 2 Collection,Disney Hocus Pocus 2 Poster Series,,,,Globally,
https://medium.com/veve-collectibles/marvel-digital-comics-marvel-spotlight-1972-2-7b2e355b3df4,2022-10-30,Marvel Digital Comics — Marvel Spotlight (1972) #2,This release features VeVe-Exclusive Rare and Ultra Rare covers by Alex Saviuk and Rachelle Rosenberg.,"31 October 2022, 8 AM PT",6.99,,"10,000",,,,Marvel,,,,5,1972,,
https://medium.com/veve-collectibles/marvel-digital-comics-uncanny-x-men-141-d845c8032029,2022-10-31,Marvel Digital Comics — Uncanny X-Men #141,This release features VeVe-Exclusive Rare and Ultra Rare covers by David Lopez.,"1 November 2022, 8 AM PT",6.99,,"20,000",,,,Marvel,,,,5,1981,,
https://medium.com/veve-collectibles/marvel-digital-comics-uncanny-x-men-142-ebc1a7219d52,2022-11-02,Marvel Digital Comics — Uncanny X-Men #142,This release features VeVe-Exclusive Rare and Ultra Rare covers by Trevor Von Eeden & Edgar Delgado.,"3 November 2022, 8 AM PT",6.99,,"20,000",,,,Marvel,,,,5,1981,,
https://medium.com/veve-collectibles/star-wars-droids-collection-series-1-7f3b8c23fbd0,2022-11-02,Star Wars™ Droids Collection — Series 1,R2-D2,3 November 2022 12 PM PT,40.00,"1,977",,Ultra Rare,,,Star Wars,Star Wars Droids Collection,Star Wars Droids Series 1,,,,Globally,
https://medium.com/veve-collectibles/star-wars-droids-collection-series-1-7f3b8c23fbd0,2022-11-02,Star Wars™ Droids Collection — Series 1,R5-D4,3 November 2022 12 PM PT,40.00,"1,078",,Ultra Rare,First Appearance,,Star Wars,Star Wars Droids Collection,Star Wars Droids Series 1,,,,Globally,
https://medium.com/veve-collectibles/star-wars-droids-collection-series-1-7f3b8c23fbd0,2022-11-02,Star Wars™ Droids Collection — Series 1,C-3PO,3 November 2022 12 PM PT,40.00,477,,Secret Rare,,,Star Wars,Star Wars Droids Collection,Star Wars Droids Series 1,,,,Globally,
https://medium.com/veve-collectibles/star-wars-droids-collection-series-1-7f3b8c23fbd0,2022-11-02,Star Wars™ Droids Collection — Series 1,L0-LA59,3 November 2022 12 PM PT,40.00,477,,Secret Rare,First Appearance,,Star Wars,Star Wars Droids Collection,Star Wars Droids Series 1,,,,Globally,
https://medium.com/veve-collectibles/marvel-artworks-arthur-adams-return-of-wolverine-1-cc1abb04c74c,2022-11-06,Marvel Artworks: Arthur Adams — Return of Wolverine #1,Light blue prismacolor pencil and #2 Ticonderoga pencil and Pigma Micron pens on smooth Bristol paper.,,,1,,Artist Proof,Artist Proof,,Marvel,Marvel Artworks,Arthur Adams — Return of Wolverine #1,,,,Globally,"{""Auction Dates"": ""Mon, 7 Nov 12 PM PT — Fri, 11 Nov 12 PM PT"", ""Starting Bid"": ""1,500"", ""Entry Fee"": ""0""}"
https://medium.com/veve-collectibles/marvel-digital-comics-black-panther-2016-1-5c4dddc2c3eb,2022-11-07,Marvel Digital Comics — Black Panther (2016) #1,Black Panther (2016) #1,"8 November 2022, 8 AM PT",6.99,,"10,000",,,,Marvel,,,,5,2016,,
https://medium.com/veve-collectibles/marvel-digital-comics-black-panther-2005-2-5b9ca423e8d,2022-11-09,Marvel Digital Comics — Black Panther (2005) #2,This release features VeVe-Exclusive Rare and Ultra Rare covers by Nicoletta Baldari.,"10 November 2022, 8 AM PT",6.99,,"10,000",,,,Marvel,,,,5,2005,,
https://medium.com/veve-collectibles/marvel-studios-black-panther-wakanda-forever-mightys-57843938839d,2022-11-12,Marvel Studios’ Black Panther: Wakanda Forever Mightys,"With the Black Panther gone, Queen Ramonda is forced to lead Wakanda as world powers question its stability.","13 November 2022, 8 AM PT",13.00,"4,200",,Common,First Appearance,,Marvel,Marvel Mightys,Marvel Studios’ Black Panther: Wakanda Forever,,,,Globally,
https://medium.com/veve-collectibles/marvel-studios-black-panther-wakanda-forever-mightys-57843938839d,2022-11-12,Marvel Studios’ Black Panther: Wakanda Forever Mightys,M’Baku,"13 November 2022, 8 AM PT",13.00,"4,200",,Common,First Appearance,,Marvel,Marvel Mightys,Marvel Studios’ Black Panther: Wakanda Forever,,,,Globally,
https://medium.com/veve-collectibles/marvel-studios-black-panther-wakanda-forever-mightys-57843938839d,2022-11-12,Marvel Studios’ Black Panther: Wakanda Forever Mightys,Nakia,"13 November 2022, 8 AM PT",13.00,"3,200",,Uncommon,First Appearance,,Marvel,Marvel Mightys,Marvel Studios’ Black Panther: Wakanda Forever,,,,Globally,
https://medium.com/veve-collectibles/marvel-studios-black-panther-wakanda-forever-mightys-57843938839d,2022-11-12,Marvel Studios’ Black Panther: Wakanda Forever Mightys,"The general of the Dora Milaje and leader of Wakanda’s armies, Okoye is the nation’s fiercest warrior.","13 November 2022, 8 AM PT",13.00,"3,200",,Uncommon,First Appearance,,Marvel,Marvel Mightys,Marvel Studios’ Black Panther: Wakanda Forever,,,,Globally,
https://medium.com/veve-collectibles/marvel-studios-black-panther-wakanda-forever-mightys-57843938839d,2022-11-12,Marvel Studios’ Black Panther: Wakanda Forever Mightys,Riri Williams,"13 November 2022, 8 AM PT",13.00,"2,500",,Rare,First Appearance,,Marvel,Marvel Mightys,Marvel Studios’ Black Panther: Wakanda Forever,,,,Globally,
https://medium.com/veve-collectibles/marvel-studios-black-panther-wakanda-forever-mightys-57843938839d,2022-11-12,Marvel Studios’ Black Panther: Wakanda Forever Mightys,"As the ruler of Talokan, Namor will stop at nothing to protect his people and preserve their culture.","13 November 2022, 8 AM PT",13.00,"1,000",,Ultra Rare,First Appearance,,Marvel,Marvel Mightys,Marvel Studios’ Black Panther: Wakanda Forever,,,,Globally,
https://medium.com/veve-collectibles/star-wars-digital-comics-star-wars-special-c-3po-1-763c1de82842,2022-11-12,Star Wars™ Digital Comics — Star Wars Special: C-3PO #1,"The next Star Wars digital comic drops with five cover rarities in blind box format on Mon, 14 November, only on VeVe!","14 November 2022, 8 AM PT",6.99,,"10,000",,,,Star Wars,,,,5,2016,,
https://medium.com/veve-collectibles/marvel-artworks-skottie-young-deadpool-1-fdab9d549007,2022-11-13,Marvel Artworks: Skottie Young — Deadpool #1,Skottie Young — Deadpool (2012) #1,,,1,,Artist Proof,Artist Proof,,Marvel,Marvel Artworks,Skottie Young — Deadpool (2012) #1,,,,Globally,"{""Auction Dates"": ""Mon, 14 Nov 12 PM PT — Fri, 18 Nov 12 PM PT"", ""Starting Bid"": ""1,500"", ""Entry Fee"": ""0""}"
https://medium.com/veve-collectibles/marvel-digital-comics-new-mutants-1983-16-67ba2fb4212e,2022-11-14,Marvel Digital Comics — New Mutants (1983) #16,This release features VeVe-Exclusive Rare and Ultra Rare covers by Will Sliney and Rachelle Rosenberg.,"15 November 2022, 8 AM PT",6.99,,"10,000",,,,Marvel,,,,5,1984,,
https://medium.com/veve-collectibles/veve-x-dcon-anaheim-2022-day-1-ae200ff354d5,2022-11-15,VeVe x DCon Anaheim 2022 — Day 1,"Friday, 18 November",,,,,,,,,,,,,,,"{""Scott Tolleson"": ""8 AM PT [Blind Box]"", ""Roji"": ""10 AM PT"", ""Brian Viveros"": ""12 PM PT""}"
https://medium.com/veve-collectibles/veve-x-dcon-anaheim-2022-day-1-ae200ff354d5,2022-11-15,VeVe x DCon Anaheim 2022 — Day 1,DCon Mascot — 2022 Edition,"Friday, 18 November 8 AM PT",25.00,"1,188",,Rare,Con Exclusive,,DesignerCon,DesignerCon 2022 Collection,Scott Tolleson — Dcon Mascot Anaheim,,,,Globally,
https://medium.com/veve-collectibles/veve-x-dcon-anaheim-2022-day-1-ae200ff354d5,2022-11-15,VeVe x DCon Anaheim 2022 — Day 1,"Join Vincent’s secret society with this Illuminati Edition, no initiation rituals required.","Friday, 18 November 8 AM PT",25.00,"1,188",,Rare,Con Exclusive,,DesignerCon,DesignerCon 2022 Collection,Scott Tolleson — Dcon Mascot Anaheim,,,,Globally,
https://medium.com/veve-collectibles/veve-x-dcon-anaheim-2022-day-1-ae200ff354d5,2022-11-15,VeVe x DCon Anaheim 2022 — Day 1,DCon Mascot — BTTF II Edition,"Friday, 18 November 8 AM PT",25.00,888,,Ultra Rare,Con Exclusive,,DesignerCon,DesignerCon 2022 Collection,Scott Tolleson — Dcon Mascot Anaheim,,,,Globally,"{""Fun fact"": ""DCon’s Founder, Ben Goretsky, is obsessed with “Back to the Future II,” and this collaboration mascot is one of his favorites.""}"
https://medium.com/veve-collectibles/veve-x-dcon-anaheim-2022-day-1-ae200ff354d5,2022-11-15,VeVe x DCon Anaheim 2022 — Day 1,Always Somewhere Else,"Friday, 18 November 10 AM PT",55.00,650,,Ultra Rare,Con Exclusive,,DesignerCon,DesignerCon 2022 Collection,Roji — Always Somewhere Else,,,,Globally,
https://medium.com/veve-collectibles/veve-x-dcon-anaheim-2022-day-1-ae200ff354d5,2022-11-15,VeVe x DCon Anaheim 2022 — Day 1,Bullheaded DirtyTrooper,"Friday, 18 November 12 PM PT",65.00,788,,Ultra Rare,Con Exclusive,,DesignerCon,DesignerCon 2022 Collection,Brian Viveros — Bullheaded DirtyTrooper,,,,Globally,
https://medium.com/veve-collectibles/marvel-digital-comics-daredevil-1964-102-c82a8bc14255,2022-11-16,Marvel Digital Comics — Daredevil (1964) #102,This release features VeVe-Exclusive Rare and Ultra Rare covers by Ron Lim.,"17 November 2022, 8 AM PT",6.99,,"10,000",,,,Marvel,,,,5,1973,,
https://medium.com/veve-collectibles/veve-x-dcon-phygital-exclusives-jermaine-rogers-frank-kozik-ce5eb63b29e9,2022-11-16,VeVe x DCon Phygital Exclusives: Jermaine Rogers + Frank Kozik,‘Make hidden moves in plain sight.’,,150.00,150 (110 shirts),,Secret Rare,Con Exclusive,,Jermaine Rogers,CHOICES,CHOICES,,,,,"{""T-shirt Sale"": ""Saturday, 19 November 10 AM PT""}"
https://medium.com/veve-collectibles/veve-x-dcon-phygital-exclusives-jermaine-rogers-frank-kozik-ce5eb63b29e9,2022-11-16,VeVe x DCon Phygital Exclusives: Jermaine Rogers + Frank Kozik,"This piece was digitally created, no ink was harmed in its making.",,N/A,150 (110 shirts),,Secret Rare,Con Exclusive,,Frank Kozik,Labbit,Degen Dungeon,,,,Globally,"{""T-shirt Sale"": ""Saturday, 19 November 4 PM PT""}"
https://medium.com/veve-collectibles/veve-x-dcon-anaheim-2022-day-2-f5c7b11b45f7,2022-11-16,VeVe x DCon Anaheim 2022 — Day 2,"Saturday, 19 November Drops",,,,,,,,,,,,,,,"{""Luke Chueh"": ""10 AM PT [Blind Box]"", ""Tara McPherson"": ""12 PM PT"", ""Jermaine Rogers"": ""2 PM PT"", ""Allison Bamcat"": ""4 PM PT""}"
https://medium.com/veve-collectibles/veve-x-dcon-anaheim-2022-day-2-f5c7b11b45f7,2022-11-16,VeVe x DCon Anaheim 2022 — Day 2,Phygital T-Shirt Sales,,,,,,,,,,,,,,,"{""Jermaine Rogers t-shirt"": ""10 AM PT"", ""Frank Kozik t-shirt"": ""4 PM PT"", ""VeVe x DCon Phygital Exclusives"": ""Jermaine Rogers + Frank Kozik""}"
https://medium.com/veve-collectibles/veve-x-dcon-anaheim-2022-day-2-f5c7b11b45f7,2022-11-16,VeVe x DCon Anaheim 2022 — Day 2,Headspace Black Bear,"Saturday, 19 November 10 AM PT",40.00,"1,688",,Uncommon,Con Exclusive,,DesignerCon,DesignerCon 2022 Collection,Luke Chueh x Munkyking — Headspace,,,,Globally,
https://medium.com/veve-collectibles/veve-x-dcon-anaheim-2022-day-2-f5c7b11b45f7,2022-11-16,VeVe x DCon Anaheim 2022 — Day 2,We all have a little devil inside of us.,"Saturday, 19 November 10 AM PT",40.00,"1,088",,Rare,Con Exclusive,,DesignerCon,DesignerCon 2022 Collection,Luke Chueh x Munkyking — Headspace,,,,Globally,
https://medium.com/veve-collectibles/veve-x-dcon-anaheim-2022-day-2-f5c7b11b45f7,2022-11-16,VeVe x DCon Anaheim 2022 — Day 2,Headspace Monkey,"Saturday, 19 November 10 AM PT",40.00,888,,Ultra Rare,Con Exclusive,,DesignerCon,DesignerCon 2022 Collection,Luke Chueh x Munkyking — Headspace,,,,Globally,
https://medium.com/veve-collectibles/veve-x-dcon-anaheim-2022-day-2-f5c7b11b45f7,2022-11-16,VeVe x DCon Anaheim 2022 — Day 2,Headspace Skull,"Saturday, 19 November 10 AM PT",40.00,388,,Secret Rare,Con Exclusive,,DesignerCon,DesignerCon 2022 Collection,Luke Chueh x Munkyking — Headspace,,,,Globally,
https://medium.com/veve-collectibles/veve-x-dcon-anaheim-2022-day-2-f5c7b11b45f7,2022-11-16,VeVe x DCon Anaheim 2022 — Day 2,Tara will visit the VeVe booth at drop time to meet the #VeVeFam. Make sure to come say hello!,"Saturday, 19 November 12 PM PT",55.00,666,,Ultra Rare,Con Exclusive,,DesignerCon,DesignerCon 2022 Collection,Tara McPherson — Lilitu,,,,Globally,
https://medium.com/veve-collectibles/veve-x-dcon-anaheim-2022-day-2-f5c7b11b45f7,2022-11-16,VeVe x DCon Anaheim 2022 — Day 2,Jermaine will visit the VeVe booth at drop time to meet the #VeVeFam. Make sure to come say hello!,"Saturday, 19 November 2 PM PT",70.00,555,,Ultra Rare,Con Exclusive,,Jermaine Rogers,DERO,Creeping DERO (Shadow),,,,,
https://medium.com/veve-collectibles/veve-x-dcon-anaheim-2022-day-2-f5c7b11b45f7,2022-11-16,VeVe x DCon Anaheim 2022 — Day 2,Allison will visit the VeVe booth on Sunday at 1 PM PT to meet the #VeVeFam. Make sure to come say hello!,"Saturday, 19 November 4 PM PT",45.00,666,,Ultra Rare,Con Exclusive,,DesignerCon,DesignerCon 2022 Collection,Allison Bamcat — Clæmon,,,,Globally,
https://medium.com/veve-collectibles/veve-x-dcon-anaheim-2022-day-3-97e89f9514d8,2022-11-17,VeVe x DCon Anaheim 2022 — Day 3,"Sunday, 20 November",,,,,,,,,,,,,,,"{""Brett Crawford"": ""10 AM PT"", ""Lincoln Design Co."": ""12 PM PT [Blind Box]"", ""Tristan Eaton"": ""2 PM PT [Blind Box]""}"
https://medium.com/veve-collectibles/veve-x-dcon-anaheim-2022-day-3-97e89f9514d8,2022-11-17,VeVe x DCon Anaheim 2022 — Day 3,S3LF MADE,"Sunday, 20 November 10 AM PT",450.00,250,,Secret Rare,Con Exclusive,,DesignerCon,DesignerCon 2022 Collection,Brett Crawford — S3LF MADE,,,,Globally,
https://medium.com/veve-collectibles/veve-x-dcon-anaheim-2022-day-3-97e89f9514d8,2022-11-17,VeVe x DCon Anaheim 2022 — Day 3,Get axed with the Lincoln boneless board.,"Sunday, 20 November 12 PM PT",40.00,550,,Rare,Con Exclusive,,DesignerCon,DesignerCon 2022 Collection,Lincoln Design Co. S3,,,,Globally,
https://medium.com/veve-collectibles/veve-x-dcon-anaheim-2022-day-3-97e89f9514d8,2022-11-17,VeVe x DCon Anaheim 2022 — Day 3,"Eye see you looking, now come skate with us; Lincoln Design Co.","Sunday, 20 November 12 PM PT",40.00,450,,Ultra Rare,Con Exclusive,,DesignerCon,DesignerCon 2022 Collection,Lincoln Design Co. S3,,,,Globally,
https://medium.com/veve-collectibles/veve-x-dcon-anaheim-2022-day-3-97e89f9514d8,2022-11-17,VeVe x DCon Anaheim 2022 — Day 3,GLOSS LORD,"Sunday, 20 November 2 PM PT",35.00,777,,Common,Con Exclusive,,DesignerCon,DesignerCon 2022 Collection,Tristan Eaton — VICELORD,,,,Globally,
https://medium.com/veve-collectibles/veve-x-dcon-anaheim-2022-day-3-97e89f9514d8,2022-11-17,VeVe x DCon Anaheim 2022 — Day 3,DARK MARBLE LORD,"Sunday, 20 November 2 PM PT",35.00,666,,Uncommon,Con Exclusive,,DesignerCon,DesignerCon 2022 Collection,Tristan Eaton — VICELORD,,,,Globally,
https://medium.com/veve-collectibles/veve-x-dcon-anaheim-2022-day-3-97e89f9514d8,2022-11-17,VeVe x DCon Anaheim 2022 — Day 3,MARBLE LORD,"Sunday, 20 November 2 PM PT",35.00,555,,Rare,Con Exclusive,,DesignerCon,DesignerCon 2022 Collection,Tristan Eaton — VICELORD,,,,Globally,
https://medium.com/veve-collectibles/veve-x-dcon-anaheim-2022-day-3-97e89f9514d8,2022-11-17,VeVe x DCon Anaheim 2022 — Day 3,FOREST LORD,"Sunday, 20 November 2 PM PT",35.00,444,,Ultra Rare,Con Exclusive,,DesignerCon,DesignerCon 2022 Collection,Tristan Eaton — VICELORD,,,,Globally,
https://medium.com/veve-collectibles/veve-x-dcon-anaheim-2022-day-3-97e89f9514d8,2022-11-17,VeVe x DCon Anaheim 2022 — Day 3,CRYSTAL LORD,"Sunday, 20 November 2 PM PT",35.00,333,,Secret Rare,Con Exclusive,,DesignerCon,DesignerCon 2022 Collection,Tristan Eaton — VICELORD,,,,Globally,
https://medium.com/veve-collectibles/marvel-digital-comics-journey-into-mystery-annual-1-e04e98202113,2022-11-21,Marvel Digital Comics — Journey Into Mystery Annual #1,This release features VeVe-Exclusive Rare and Ultra Rare covers by Will Sliney and Rachelle Rosenberg.,"22 November 2022, 8 AM PT",6.99,,"10,000",,,,Marvel,,,,5,1965,,
https://medium.com/veve-collectibles/veve-artworks-the-london-police-robot-king-8e9f6843d46,2022-11-22,VeVe Artworks: The London Police — Robot King,Visible Screen 153 x 85 mm | 6.02 x 3.34 inches,,,1,,Artist Proof,Artist Proof,,The London Police,The London Police,The London Police — Robot King,,,,Globally,"{""Resolution 16"": ""9 | 1024 x 576 px"", ""Auction Dates"": ""Mon, 21 Nov 12 PM PT — Fri, 25 Nov 12 PM PT"", ""Starting Bid"": ""1,500"", ""Entry Fee"": ""0""}"
https://medium.com/veve-collectibles/star-wars-obi-wan-kenobi-series-1-e0101e6c5262,2022-11-25,Star Wars™ Obi-Wan Kenobi —  Series 1,"Obi-Wan “Ben” Kenobi lives a life of quiet isolation on Tatooine, but a sudden crisis draws him out of hiding.",26 November 2022 8 AM PT,60.00,"4,088",,Rare,,,Star Wars,Obi-Wan Kenobi Series Collection,Star Wars Obi-Wan Kenobi Series 1,,,,Globally,
https://medium.com/veve-collectibles/star-wars-obi-wan-kenobi-series-1-e0101e6c5262,2022-11-25,Star Wars™ Obi-Wan Kenobi —  Series 1,Reva,26 November 2022 8 AM PT,60.00,"1,088",,Ultra Rare,,,Star Wars,Obi-Wan Kenobi Series Collection,Star Wars Obi-Wan Kenobi Series 1,,,,Globally,
https://medium.com/veve-collectibles/star-wars-obi-wan-kenobi-series-1-e0101e6c5262,2022-11-25,Star Wars™ Obi-Wan Kenobi —  Series 1,"A fearsome mercenary, seen in the hit series Obi-Wan Kenobi on Disney+.",26 November 2022 8 AM PT,60.00,488,,Secret Rare,,,Star Wars,Obi-Wan Kenobi Series Collection,Star Wars Obi-Wan Kenobi Series 1,,,,Globally,
https://medium.com/veve-collectibles/erb-inc-digital-comics-tarzan-of-the-apes-208-36fcda9eadb2,2022-11-27,"ERB, Inc. Digital Comics — Tarzan of the Apes #208",Tarzan of the Apes #208,"28 November 2022, 8 AM PT",6.99,,"8,700",,,,"Edgar Rice Burroughs, Inc.",,,,5,1972,Globally,"{""COMMON"": ""3,000"", ""UNCOMMON"": ""2,500"", ""RARE"": ""1,972"", ""ULTRA RARE"": ""1,021"", ""SECRET RARE"": ""207""}"
https://medium.com/veve-collectibles/marvel-artworks-joe-quesada-amazing-spider-man-850-6e5051bdcda6,2022-11-27,Marvel Artworks: Joe Quesada — Amazing Spider-Man #850,Joe Quesada — Amazing Spider-Man #850,,,1,,Artist Proof,Artist Proof,,Marvel,Marvel Artworks,Joe Quesada — Amazing Spider-Man #850,,,,Globally,"{""These are the original pencils for a rare 1"": ""50 variant cover to Amazing Spider-Man #850, featuring Spidey in all his webheaded glory swinging past the Brooklyn Bridge. It was created using a 4H mechanical pencil on Marvel illustration board. Depending on how you view Spider-Man lore, the Brooklyn Bridge was the site of Peter Parker’s first great love Gwen Stacy’s death, as seen originally in Amazing Spider-Man #121–122. In the original story, writer Gerry Conway stated that it was the Washington Bridge, but Gil Kane, the artist, drew the Brooklyn. It was amended years later and officially made the Brooklyn Bridge."", ""Auction Dates"": ""Mon, 28 Nov 12 PM PT — Fri, 2 Dec 12 PM PT"", ""Starting Bid"": ""3,500"", ""Entry Fee"": ""0""}"
https://medium.com/veve-collectibles/marvel-digital-comics-strange-tales-138-c3614c16acfd,2022-11-28,Marvel Digital Comics — Strange Tales #138,This release features VeVe-Exclusive Rare and Ultra Rare covers by Nicoletta Baldari.,"29 November 2022, 8 AM PT",6.99,,"10,000",,,,Marvel,,,,5,1965,,
https://medium.com/veve-collectibles/marvel-she-hulk-bfde661e3c93,2022-11-29,Marvel — She-Hulk,She-Hulk — Animated,"30 November 2022, 8 AM PT",50.00,"1,550",,Ultra Rare,First Appearance,,Marvel,Hulk,She-Hulk,,,,Globally,
https://medium.com/veve-collectibles/marvel-she-hulk-bfde661e3c93,2022-11-29,Marvel — She-Hulk,She-Hulk — Prosecutor Punch,"30 November 2022, 8 AM PT",50.00,500,,Secret Rare,First Appearance,,Marvel,Hulk,She-Hulk,,,,Globally,
https://medium.com/veve-collectibles/marvel-digital-comics-avengers-annual-10-e485bd9e52ec,2022-11-30,Marvel Digital Comics — Avengers Annual #10,This release features VeVe-Exclusive Rare and Ultra Rare covers by Creees Lee and Rachelle Rosenberg.,"1 December 2022, 8 AM PT",10.00,,"7,500",,,,Marvel,,,,5,1981,,
https://medium.com/veve-collectibles/battlestar-galactica-series-one-ccc3a90341d1,2022-12-02,Battlestar Galactica — Series One,The Galactica (BS-75) will be available for individual purchase at drop time.,"3 December 2022, 8 AM PT",50.00,"3,500",,Rare,First Edition,,Universal Games and Digital Platforms,Battlestar Galactica,Series One,,,,Globally,
https://medium.com/veve-collectibles/battlestar-galactica-series-one-ccc3a90341d1,2022-12-02,Battlestar Galactica — Series One,The Cylon Basestar will be available for individual purchase at drop time.,"3 December 2022, 8 AM PT",50.00,"2,000",,Ultra Rare,First Edition,,Universal Games and Digital Platforms,Battlestar Galactica,Series One,,,,Globally,
https://medium.com/veve-collectibles/battlestar-galactica-series-one-ccc3a90341d1,2022-12-02,Battlestar Galactica — Series One,Battlestar Galactica Emblem,,,,,,First Edition,,Universal Games and Digital Platforms,Battlestar Galactica,Series One,,,,Globally,
https://medium.com/veve-collectibles/dc-gallery-bat-signal-f282e396bf4,2022-12-03,DC Gallery — Bat-Signal,The Bat-Signal lights up the Gotham City night and summons Batman when his help is needed!,"4 December 2022, 8 AM PT",18.00,"8,888",,Uncommon,First Edition,,Warner Bros. Entertainment Inc.,DC Gallery,Bat-Signal,,,,Globally,
https://medium.com/veve-collectibles/marvel-artworks-adi-granov-she-hulk-4-e8ada298a740,2022-12-04,Marvel Artworks: Adi Granov — She-Hulk #4,Adi Granov — She-Hulk #4,,,1,,Artist Proof,Artist Proof,,Marvel,Marvel Artworks,Adi Granov — She-Hulk #4,,,,Globally,"{""Auction Dates"": ""Mon, 5 Dec 12 PM PT — Fri, 9 Dec 12 PM PT"", ""Starting Bid"": ""3,000"", ""Entry Fee"": ""0""}"
https://medium.com/veve-collectibles/marvel-digital-comics-avengers-1963-112-728a27b18da8,2022-12-05,Marvel Digital Comics — Avengers (1963) #112,This release features VeVe-Exclusive Rare and Ultra Rare covers by Nicoletta Baldari.,"6 December 2022, 8 AM PT",6.99,,"10,000",,,,Marvel,,,,5,1973,,
https://medium.com/veve-collectibles/disney-digital-comics-mickey-mouse-and-the-ice-sword-c0e1cdd68cc8,2022-12-05,Disney Digital Comics — Mickey Mouse and the Ice Sword,Ultimate Variant,"7 December 2022, 8 AM PT",10.00,,"10,000",,,,Disney,,,,5,1982,,
https://medium.com/veve-collectibles/marvel-digital-comics-nova-2007-8-90788c909144,2022-12-08,Marvel Digital Comics — Nova (2007) #8,This release features VeVe-Exclusive Rare and Ultra Rare covers by Todd Nauck and Rachelle Rosenberg.,"8 December 2022, 8 AM PT",6.99,,"10,000",,,,Marvel,,,,5,2008,,
https://medium.com/veve-collectibles/veve-artworks-simone-legno-of-tokidoki-dragon-girl-a5f82ad1bf97,2022-12-11,VeVe Artworks: Simone Legno of tokidoki — Dragon Girl,Visible Screen 153 x 85 mm | 6.02 x 3.34 inches,,,1,,Artist Proof,Artist Proof,,tokidoki,Simone Legno — Dragon Girl,Simone Legno — Dragon Girl,,,,Globally,"{""Resolution 16"": ""9 | 1024 x 576 px"", ""Auction Dates"": ""Mon, 12 Dec 12 PM PT — Fri, 16 Dec 12 PM PT"", ""Starting Bid"": ""1,500"", ""Entry Fee"": ""0""}"
https://medium.com/veve-collectibles/dc-batman-blue-yellow-4e8754344c6,2022-12-12,DC — Batman: Blue & Yellow,DC — Batman: Blue & Yellow,,,,,,,,,,,,,,,"{""Batman"": ""Blue & Yellow"", ""Inspired by the Batman"": ""Black & White series, this special edition Blue & Yellow series celebrates a selection of Batman characters from the Batman: Black & White previously dropped on the VeVe platform. We invite you now to collect the full collection of Batman: Blue & Yellow statues in premium digital format.""}"
https://medium.com/veve-collectibles/dc-batman-blue-yellow-4e8754344c6,2022-12-12,DC — Batman: Blue & Yellow,#100 Todd McFarlane Batman — Blue & Yellow Variant,"13 December 2022, 12 PM PT",100.00,"2,500",,Ultra Rare,,,Warner Bros. Entertainment Inc.,Batman: Blue & Yellow,#100 Todd McFarlane Batman — Blue & Yellow,,,,Globally,"{""Based on The Batman"": ""Black & White #100 from the art of Todd McFarlane and sculpted by Jonathan Matthews, this collectible offers a special Blue & Yellow version of the milestone statue is inspired by McFarlane’s cover for Batman #423."", ""Holders of Batman"": ""Black & White Series 1 full set will receive a purchase reservation promo code that must be redeemed within 48 hours from drop time.""}"
https://medium.com/veve-collectibles/dc-batman-blue-yellow-4e8754344c6,2022-12-12,DC — Batman: Blue & Yellow,#101 Jim Lee Batman V3 — Blue & Yellow Variant,"14 December 2022, 8 AM PT",50.00,"3,000",,Rare,,,Warner Bros. Entertainment Inc.,Batman: Blue & Yellow,#101 Jim Lee Batman V3 — Blue & Yellow,,,,Globally,"{""Holders of Batman"": ""Black & White Series 6 full set will receive a purchase reservation promo code that must be redeemed within 48 hours from drop time.""}"
https://medium.com/veve-collectibles/dc-batman-blue-yellow-4e8754344c6,2022-12-12,DC — Batman: Blue & Yellow,250 editions will be airdropped to the first 250 users that signed up on VeVe and are successfully verified/KYC’d.,"15 December 2022, 8 AM PT",100.00,"1,050",,Secret Rare,,,Warner Bros. Entertainment Inc.,Batman: Blue & Yellow,#01 Eduardo Risso Batman — Blue & Yellow,,,,Globally,
https://medium.com/veve-collectibles/dc-batman-blue-yellow-4e8754344c6,2022-12-12,DC — Batman: Blue & Yellow,250 editions will be airdropped to the 251st — 500th users that signed up on VeVe and are successfully verified/KYC’d.,"16 December 2022, 8 AM PT",100.00,"1,050",,Secret Rare,,,Warner Bros. Entertainment Inc.,Batman: Blue & Yellow,#06 Mike Mignola Batman — Blue & Yellow,,,,Globally,
https://medium.com/veve-collectibles/james-bond-007-60th-anniversary-limited-edition-posters-series-2-b59d48521753,2022-12-17,James Bond 007–60th Anniversary Limited-Edition Posters — Series 2,Poster 01 — Live And Let Die (US One Sheet),"19 December, 2022 at 8 AM PT",40.00,907,,Ultra Rare,First Edition,,James Bond,60th Anniversary — Poster,2,,,,Globally,
https://medium.com/veve-collectibles/james-bond-007-60th-anniversary-limited-edition-posters-series-2-b59d48521753,2022-12-17,James Bond 007–60th Anniversary Limited-Edition Posters — Series 2,The distinctive reddish-brown background sets off Robert McGinnis’ Swedish campaign artwork.,"19 December, 2022 at 8 AM PT",40.00,907,,Ultra Rare,First Edition,,James Bond,60th Anniversary — Poster,2,,,,Globally,
https://medium.com/veve-collectibles/james-bond-007-60th-anniversary-limited-edition-posters-series-2-b59d48521753,2022-12-17,James Bond 007–60th Anniversary Limited-Edition Posters — Series 2,Poster 03 — The Spy Who Loved Me (German Special Display),"19 December, 2022 at 8 AM PT",40.00,907,,Ultra Rare,First Edition,,James Bond,60th Anniversary — Poster,2,,,,Globally,
https://medium.com/veve-collectibles/james-bond-007-60th-anniversary-limited-edition-posters-series-2-b59d48521753,2022-12-17,James Bond 007–60th Anniversary Limited-Edition Posters — Series 2,Poster 04 — Moonraker (UK Quad),"19 December, 2022 at 8 AM PT",40.00,907,,Ultra Rare,First Edition,,James Bond,60th Anniversary — Poster,2,,,,Globally,
https://medium.com/veve-collectibles/james-bond-007-60th-anniversary-limited-edition-posters-series-2-b59d48521753,2022-12-17,James Bond 007–60th Anniversary Limited-Edition Posters — Series 2,Poster 05 — For Your Eyes Only (Japanese),"19 December, 2022 at 8 AM PT",40.00,907,,Ultra Rare,First Edition,,James Bond,60th Anniversary — Poster,2,,,,Globally,
https://medium.com/veve-collectibles/james-bond-007-60th-anniversary-limited-edition-posters-series-2-b59d48521753,2022-12-17,James Bond 007–60th Anniversary Limited-Edition Posters — Series 2,This U.S. one sheet features artwork designed by Dan Goozee and Renato Casaro.,"19 December, 2022 at 8 AM PT",40.00,907,,Ultra Rare,First Edition,,James Bond,60th Anniversary — Poster,2,,,,Globally,
https://medium.com/veve-collectibles/james-bond-007-60th-anniversary-limited-edition-posters-series-2-b59d48521753,2022-12-17,James Bond 007–60th Anniversary Limited-Edition Posters — Series 2,Poster 07 — The Spy Who Loved Me (Hungarian) (Airdrop),,,,,Secret Rare,,,James Bond,60th Anniversary — Poster,2,,,,Globally,
https://medium.com/veve-collectibles/dc-swamp-thing-49b833a6586,2022-12-18,DC — Swamp Thing,Swamp Thing,"18 December 2022, 12 PM PT",60.00,"2,888",,Ultra Rare,First Appearance,,Warner Bros. Entertainment Inc.,DC Premium Statues,DC Premium Statue — Swamp Thing,,,,Globally,
https://medium.com/veve-collectibles/marvel-artworks-mark-brooks-black-widow-10-cf96688eb712,2022-12-18,Marvel Artworks: Mark Brooks — Black Widow #10,Mark Brooks — Black Widow #10,,,1,,Artist Proof,Artist Proof,,Marvel,Marvel Artworks,Mark Brooks — Black Widow #10,,,,Globally,"{""Auction Dates"": ""Mon, 19 Dec 12 PM PT — Fri, 23 Dec 12 PM PT"", ""Starting Bid"": ""1,500"", ""Entry Fee"": ""0""}"
https://medium.com/veve-collectibles/marvel-digital-comics-amazing-spider-man-2018-93-b36c5a6b8804,2022-12-19,Marvel Digital Comics — Amazing Spider-Man (2018) #93,This release features VeVe-Exclusive Rare and Ultra Rare covers by Alex Saviuk and Rachelle Rosenberg.,"20 December 2022, 8 AM PT",6.99,,"10,000",,,,Marvel,,,,5,2022,,
https://medium.com/veve-collectibles/dc-deck-the-halls-of-justice-3806cba5db2e,2022-12-19,DC — Deck The Halls of Justice,Christmas with the Super Heroes,"20 December 2022, 12 PM PT",30.00,978,,Secret Rare,First Edition,,Warner Bros. Entertainment Inc.,DC Deck The Halls of Justice,Deck The Halls of Justice,,,,Globally,
https://medium.com/veve-collectibles/dc-deck-the-halls-of-justice-3806cba5db2e,2022-12-19,DC — Deck The Halls of Justice,Snow Much Fun,"20 December 2022, 12 PM PT",30.00,973,,Secret Rare,First Edition,,Warner Bros. Entertainment Inc.,DC Deck The Halls of Justice,Deck The Halls of Justice,,,,Globally,
https://medium.com/veve-collectibles/dc-deck-the-halls-of-justice-3806cba5db2e,2022-12-19,DC — Deck The Halls of Justice,Holiday Heroes,"20 December 2022, 12 PM PT",30.00,940,,Secret Rare,First Edition,,Warner Bros. Entertainment Inc.,DC Deck The Halls of Justice,Deck The Halls of Justice,,,,Globally,
https://medium.com/veve-collectibles/coca-cola-holiday-caravan-f684ec1ae416,2022-12-20,Coca-Cola Holiday Caravan,Coca-Cola Holiday Caravan,"21 December, 2022 8 AM PT",30.00,"3,888",,Ultra Rare,First Edition,,Coca-Cola,Coca-Cola Christmas,Coca-Cola Holiday Caravan,,,,Globally,
https://medium.com/veve-collectibles/marvel-digital-comics-merry-x-men-holiday-special-2018-1-f75cb943defd,2022-12-21,Marvel Digital Comics — Merry X-Men Holiday Special (2018) #1,This release features VeVe-Exclusive Rare and Ultra Rare covers by Todd Nauck and Rachelle Rosenberg.,"22 December 2022, 8 AM PT",6.99,,"10,000",,,,Marvel,,,,5,2018,,
https://medium.com/veve-collectibles/marvel-america-chavez-dbf150668147,2022-12-21,Marvel — America Chavez,America Chavez — Animated,"22 December 2022, 12 PM PT",50.00,"1,550",,Ultra Rare,First Appearance,,Marvel,America Chavez,America Chavez,,,,Globally,
https://medium.com/veve-collectibles/marvel-america-chavez-dbf150668147,2022-12-21,Marvel — America Chavez,America Chavez — Miss America,"22 December 2022, 12 PM PT",50.00,500,,Secret Rare,First Appearance,,Marvel,America Chavez,America Chavez,,,,Globally,
https://medium.com/veve-collectibles/usps-stamp-art-holiday-elves-6e986b4c3c50,2022-12-22,USPS — Stamp Art — Holiday Elves,Elf with Teddy Bear,"23 December, 2022 8 AM PT",6.00,"4,800",,Rare,First Edition,,USPS,Stamp Art,Holiday Elves,,,,Globally,
https://medium.com/veve-collectibles/usps-stamp-art-holiday-elves-6e986b4c3c50,2022-12-22,USPS — Stamp Art — Holiday Elves,Elf with Package,"23 December, 2022 8 AM PT",6.00,"4,800",,Rare,First Edition,,USPS,Stamp Art,Holiday Elves,,,,Globally,
https://medium.com/veve-collectibles/usps-stamp-art-holiday-elves-6e986b4c3c50,2022-12-22,USPS — Stamp Art — Holiday Elves,Elf with Model Car,"23 December, 2022 8 AM PT",6.00,"3,800",,Ultra Rare,First Edition,,USPS,Stamp Art,Holiday Elves,,,,Globally,
https://medium.com/veve-collectibles/usps-stamp-art-holiday-elves-6e986b4c3c50,2022-12-22,USPS — Stamp Art — Holiday Elves,Elf with Model Rocket,"23 December, 2022 8 AM PT",6.00,"3,800",,Ultra Rare,First Edition,,USPS,Stamp Art,Holiday Elves,,,,Globally,
https://medium.com/veve-collectibles/usps-stamp-art-holiday-elves-6e986b4c3c50,2022-12-22,USPS — Stamp Art — Holiday Elves,Holiday Elves — Block of Four,"23 December, 2022 8 AM PT",6.00,"1,800",,Secret Rare,First Edition,,USPS,Stamp Art,Holiday Elves,,,,Globally,
https://medium.com/veve-collectibles/disney-mickey-mouse-nft-collection-mr-mouse-e12832eabbaa,2022-12-23,Disney Mickey Mouse NFT Collection — Mr. Mouse,Hitchin’ A Ride,"24 December, 2022 at 8 AM PT",60.00,"2,940",,Rare,,,Disney,The Mickey Mouse NFT Collection,Series 4 — Mr. Mouse,,,,Globally,
https://medium.com/veve-collectibles/disney-mickey-mouse-nft-collection-mr-mouse-e12832eabbaa,2022-12-23,Disney Mickey Mouse NFT Collection — Mr. Mouse,"In this 3D collectible, Mickey is seen mid-run, holding on to his hat and his suitcase that carries his dog, Pluto.","24 December, 2022 at 8 AM PT",60.00,"1,340",,Ultra Rare,,,Disney,The Mickey Mouse NFT Collection,Series 4 — Mr. Mouse,,,,Globally,
https://medium.com/veve-collectibles/disney-mickey-mouse-nft-collection-mr-mouse-e12832eabbaa,2022-12-23,Disney Mickey Mouse NFT Collection — Mr. Mouse,"This 3D figure features Mickey stepping aboard the departing train, narrowly making it aboard. Next stop, Pomona!","24 December, 2022 at 8 AM PT",60.00,940,,Secret Rare,,,Disney,The Mickey Mouse NFT Collection,Series 4 — Mr. Mouse,,,,Globally,
https://medium.com/veve-collectibles/disney-mickey-mouse-nft-collection-mr-mouse-e12832eabbaa,2022-12-23,Disney Mickey Mouse NFT Collection — Mr. Mouse,Mickey’s Signature (Airdrop),,,,,,First Edition,,Disney,The Mickey Mouse NFT Collection,Series 4 — Mr. Mouse,,,,Globally,
https://medium.com/veve-collectibles/marvel-digital-comics-journey-into-mystery-83-425075103b7,2022-12-24,Marvel Digital Comics — Journey Into Mystery #83,"This release features VeVe-Exclusive Rare and Ultra Rare covers by Sergio DaVila, Sean Parsons and Jesus Aburtov.","27 December, 2022 8 AM PT",20.00,,"10,000",,,,Marvel,,,,5,1962,,
https://medium.com/veve-collectibles/marvel-artworks-adam-kubert-incredible-hulk-461-61f768091b31,2022-12-24,Marvel Artworks: Adam Kubert — Incredible Hulk #461,Adam Kubert — Incredible Hulk #461,,,1,,Artist Proof,Artist Proof,,Marvel,Marvel Artworks,Adam Kubert — Incredible Hulk #461,,,,Globally,"{""Auction Dates"": ""Mon, 26 Dec 12 PM PT — Fri, 30 Dec 12 PM PT"", ""Starting Bid"": ""1,500"", ""Entry Fee"": ""0""}"
https://medium.com/veve-collectibles/marvel-avengers-tower-7f0188b5bc35,2022-12-28,Marvel — Avengers Tower,Avengers assemble! This must-have digital collectible features the Avengers Tower in premium digital format.,"30 December 2022, 8 AM PT",50.00,"2,890",,Ultra Rare,First Edition,,Marvel,Avengers,Avengers Tower,,,,Globally,
https://medium.com/veve-collectibles/star-wars-digital-comics-star-wars-heroes-princess-leia-6dca108065b0,2023-01-05,Star Wars™ Digital Comics — Star Wars Heroes: Princess Leia,Star Wars™ Digital Comics — Star Wars Heroes: Princess Leia,"Friday, 6 January 8 AM PT",6.99,,"10,000",,,,Star Wars,,,,5,2015,,
https://medium.com/veve-collectibles/mgm-robocop-series-1-22302b94d571,2023-01-06,MGM — Robocop — Series 1,Robocop — Animated,"Sunday, 8 January at 8 AM PT",60.00,"1,987",,Ultra Rare,First Appearance,,MGM,Robocop,Robocop Series 1,,,,,
https://medium.com/veve-collectibles/marvel-artworks-r-b-silva-black-panther-vol-7-25-stormbreakers-variant-6fb8b622b12a,2023-01-07,Marvel Artworks: R.B. Silva — Black Panther Vol. 7 #25 (Stormbreakers Variant),R.B. Silva — Black Panther Vol. 7 #25 (Stormbreakers Variant),,,1,,Artist Proof,Artist Proof,,Marvel,Marvel Artworks,Black Panther Vol. 7 #25 (Stormbreakers Variant),,,,Globally,"{""Auction Dates"": ""Mon, 9 Jan 12 PM PT — Fri, 13 Jan 12 PM PT"", ""Starting Bid"": ""1,500"", ""Entry Fee"": ""0""}"
https://medium.com/veve-collectibles/marvel-digital-comics-incredible-hulk-1999-92-5715bad3e934,2023-01-11,Marvel Digital Comics — Incredible Hulk (1999) #92,This release features VeVe-Exclusive Rare and Ultra Rare covers by Stephen Mooney and Israel Silva.,"12 January, 2023 8 AM PT",6.99,,"10,000",,,,Marvel,,,,5,2006,,
https://medium.com/veve-collectibles/marvel-artworks-humberto-ramos-spider-men-1-e5eab1452b3a,2023-01-15,Marvel Artworks: Humberto Ramos — Spider-Men #1,Spider-Men #1 - 1/30 Humberto Ramos Variant (first time Humberto drawing Miles Morales),,,1,,Artist Proof,Artist Proof,,Marvel,Marvel Artworks,Humberto Ramos — Spider-Men #1,,,,Globally,"{""Auction Dates"": ""Mon, 16 Jan 12 PM PT — Fri, 20 Jan 12 PM PT"", ""Starting Bid"": ""1,500"", ""Entry Fee"": ""0""}"
https://medium.com/veve-collectibles/marvel-digital-comics-amazing-spider-man-1963-31-5d91f81e9154,2023-01-16,Marvel Digital Comics — Amazing Spider-Man (1963) #31,This release features VeVe-Exclusive Rare and Ultra Rare covers by Nicoletta Baldari.,"17 January, 2023 8 AM PT",6.99,,"7,500",,,,Marvel,,,,5,1965,,
https://medium.com/veve-collectibles/disney-alice-in-wonderland-golden-afternoon-character-series-320c97cb474e,2023-01-17,Disney — Alice in Wonderland Golden Afternoon Character Series,This 3D collectible features Alice as she meets extraordinary characters in the topsy-turvy world of Wonderland!,"18 January, 2023 at 8 AM PT",50.00,"2,357",,Uncommon,First Appearance,,Disney,Disney Alice in Wonderland Collection,Disney Alice in Wonderland Golden Afternoon Character Series,,,,Globally,
https://medium.com/veve-collectibles/disney-alice-in-wonderland-golden-afternoon-character-series-320c97cb474e,2023-01-17,Disney — Alice in Wonderland Golden Afternoon Character Series,This animated 3D collectible invites us for a spot of tea at a very merry “Unbirthday” party. Curiouser and curiouser!,"18 January, 2023 at 8 AM PT",50.00,"1,951",,Rare,First Appearance,,Disney,Disney Alice in Wonderland Collection,Disney Alice in Wonderland Golden Afternoon Character Series,,,,Globally,
https://medium.com/veve-collectibles/disney-alice-in-wonderland-golden-afternoon-character-series-320c97cb474e,2023-01-17,Disney — Alice in Wonderland Golden Afternoon Character Series,This 3D collectible brings us face-to-face with the extraordinary Cheshire Cat deep in the Tulgey Wood.,"18 January, 2023 at 8 AM PT",50.00,"1,245",,Ultra Rare,First Appearance,,Disney,Disney Alice in Wonderland Collection,Disney Alice in Wonderland Golden Afternoon Character Series,,,,Globally,
https://medium.com/veve-collectibles/marvel-digital-comics-x-men-alpha-1-ddc6b3de5e68,2023-01-18,Marvel Digital Comics — X-Men Alpha #1,This release features VeVe-Exclusive Rare and Ultra Rare covers by Salvador Larroca and Edgar Delgado.,"17 January, 2023 8 AM PT",6.99,,"10,000",,,,Marvel,,,,5,1995,,
https://medium.com/veve-collectibles/marvel-studios-guardians-of-the-galaxy-power-orb-95f4742fe40e,2023-01-18,Marvel Studios’ Guardians of the Galaxy — Power Orb,Power Orb,"20 January 2022, 8 AM PT",30.00,"4,305",,Ultra Rare,First Edition,,Marvel,Marvel Studios’ Guardians of the Galaxy,Power Orb,,,,Globally,
https://medium.com/veve-collectibles/veve-2023-feature-rollout-process-release-notes-859ef29c4e9b,2023-01-19,VeVe 2023 Feature Rollout Process + Release Notes,"For example, a typical feature rollout may look something like this:",,,,,,,,,,,,,,,"{""Testing start date"": ""Jan 1"", ""Testing end date"": ""Feb 5"", ""Target"": ""20,000 beta testers"", ""Duration"": ""5 increments over 5 weeks"", ""Increments"": ""Depending on the feature being introduced, the number of VeVe users with access to use and test it will progressively increase.""}"
https://medium.com/veve-collectibles/usps-stamp-art-lunar-new-year-rabbit-4c1d93a30877,2023-01-20,USPS — Stamp Art — Lunar New Year: Rabbit,Blind Boxes,"21 January, 2023 8 AM PT",6.00,"8,888",,Uncommon,First Edition,,USPS,Stamp Art,Lunar New Year: Rabbit,,,,Globally,
https://medium.com/veve-collectibles/usps-stamp-art-lunar-new-year-rabbit-4c1d93a30877,2023-01-20,USPS — Stamp Art — Lunar New Year: Rabbit,Blind Boxes,"21 January, 2023 8 AM PT",6.00,888,,Secret Rare,First Edition,,USPS,Stamp Art,Lunar New Year: Rabbit,,,,Globally,
https://medium.com/veve-collectibles/disney-simply-minnie-poster-series-2c7e39bfa3fc,2023-01-20,Disney Simply Minnie Poster Series,Minnie’s charming smile and signature flare are always a winning combination!,"22 January, 2023 at 8 AM PT",30.00,"1,543",,Common,First Edition,,Disney,The Disney Minnie Mouse Collection,The Disney Simply Minnie Poster Series,,,,Globally,
https://medium.com/veve-collectibles/disney-simply-minnie-poster-series-2c7e39bfa3fc,2023-01-20,Disney Simply Minnie Poster Series,This trendsetter’s ready for any surprises that come her way!,"22 January, 2023 at 8 AM PT",30.00,"1,243",,Uncommon,First Edition,,Disney,The Disney Minnie Mouse Collection,The Disney Simply Minnie Poster Series,,,,Globally,
https://medium.com/veve-collectibles/disney-simply-minnie-poster-series-2c7e39bfa3fc,2023-01-20,Disney Simply Minnie Poster Series,Minnie loves her polka dots almost as much as the world loves Minnie!,"22 January, 2023 at 8 AM PT",30.00,943,,Rare,First Edition,,Disney,The Disney Minnie Mouse Collection,The Disney Simply Minnie Poster Series,,,,Globally,
https://medium.com/veve-collectibles/disney-simply-minnie-poster-series-2c7e39bfa3fc,2023-01-20,Disney Simply Minnie Poster Series,"Hmmph! You can cross a t or dot an i, but don’t cross the dots!","22 January, 2023 at 8 AM PT",30.00,743,,Ultra Rare,First Edition,,Disney,The Disney Minnie Mouse Collection,The Disney Simply Minnie Poster Series,,,,Globally,
https://medium.com/veve-collectibles/disney-simply-minnie-poster-series-2c7e39bfa3fc,2023-01-20,Disney Simply Minnie Poster Series,"Minnie can’t believe her eyes as she floats up, up, up to see what all the fuss is about.","22 January, 2023 at 8 AM PT",30.00,343,,Secret Rare,First Edition,,Disney,The Disney Minnie Mouse Collection,The Disney Simply Minnie Poster Series,,,,Globally,
https://medium.com/veve-collectibles/marvel-digital-comics-amazing-spider-man-1963-4-8d9ff0a5e66c,2023-01-22,Marvel Digital Comics — Amazing Spider-Man (1963) #4,This release features VeVe-Exclusive Rare and Ultra Rare covers by Ron Lim and Israel Silva.,"24 January, 2023 8 AM PT",10.00,,"7,500",,,,Marvel,,,,5,1963,,
https://medium.com/veve-collectibles/marvel-digital-comics-amazing-spider-man-1963-2-413de43d1327,2023-01-24,Marvel Digital Comics — Amazing Spider-Man (1963) #2,This release features VeVe-Exclusive Rare and Ultra Rare covers by Ben Su.,"26 January, 2023 8 AM PT",10.00,,"7,500",,,,Marvel,,,,5,1963,,
https://medium.com/veve-collectibles/marvel-digital-comics-amazing-spider-man-1963-2-413de43d1327,2023-01-24,Marvel Digital Comics — Amazing Spider-Man (1963) #2,SECRET RARE — True Believer Variant: 188,,,,,,,,,,,,,,Globally,"{""Blind Box Purchase Limit"": ""1 per account""}"
https://medium.com/veve-collectibles/disney-oswald-the-lucky-rabbit-jump-for-joy-character-series-c8c1018bb307,2023-01-24,Disney Oswald the Lucky Rabbit — Jump for Joy Character Series,"In this 3D Animated Collectible, Oswald can’t wait to start the show, starring him, of course!","27 January, 2023 at 8 AM PT",60.00,"4,927",,Rare,First Appearance,,Disney,Disney Oswald the Lucky Rabbit Collection,Disney Oswald the Lucky Rabbit — Jump for Joy Character Series,,,,Globally,
https://medium.com/veve-collectibles/disney-oswald-the-lucky-rabbit-jump-for-joy-character-series-c8c1018bb307,2023-01-24,Disney Oswald the Lucky Rabbit — Jump for Joy Character Series,"This 3D collectible features Oswald, whose charm and dashing demeanor can win over any adversary, or so he thinks!","27 January, 2023 at 8 AM PT",60.00,938,,Secret Rare,First Appearance,,Disney,Disney Oswald the Lucky Rabbit Collection,Disney Oswald the Lucky Rabbit — Jump for Joy Character Series,,,,Globally,
https://medium.com/veve-collectibles/disney-oswald-the-lucky-rabbit-jump-for-joy-character-series-c8c1018bb307,2023-01-24,Disney Oswald the Lucky Rabbit — Jump for Joy Character Series,"In this 3D collectible, Oswald’s excited to start another zany adventure. Ready to come along for the ride?","27 January, 2023 at 8 AM PT",60.00,927,,Secret Rare,First Appearance,,Disney,Disney Oswald the Lucky Rabbit Collection,Disney Oswald the Lucky Rabbit — Jump for Joy Character Series,,,,Globally,
https://medium.com/veve-collectibles/marvel-studios-thor-the-dark-world-aether-5536cc49ac9d,2023-01-28,Marvel Studios’ Thor: The Dark World — Aether,Aether,"30 January 2023, 8 AM PT",30.00,"3,800",,Ultra Rare,First Edition,,Marvel,Marvel Studios’ Thor: The Dark World,Aether,,,,Globally,
https://medium.com/veve-collectibles/marvel-artworks-natacha-bustos-magalhaes-fantastic-four-38-843f7f0b09d8,2023-01-28,Marvel Artworks: Natacha Bustos Magalhaes — Fantastic Four #38,Natacha Bustos Magalhaes — Fantastic Four #38 (Cover B Variant),,,1,,Artist Proof,Artist Proof,,Marvel,Marvel Artworks,Natacha Bustos Magalhaes — Fantastic Four #38 (Cover B Variant),,,,Globally,"{""Auction Dates"": ""Mon, 30 Jan 12 PM PT — Fri, 3 Feb 12 PM PT"", ""Starting Bid"": ""1,500"", ""Entry Fee"": ""0""}"
https://medium.com/veve-collectibles/marvel-digital-comics-amazing-spider-man-annual-1964-11-1801a9e626c0,2023-01-29,Marvel Digital Comics — Amazing Spider-Man Annual (1964) #11,This release features VeVe-Exclusive Rare and Ultra Rare covers by Alex Saviuk.,"31 January, 2023 8 AM PT",6.99,,"10,000",,,,Marvel,,,,5,1977,,
https://medium.com/veve-collectibles/marvel-digital-comics-fantastic-four-1961-52-d519f9f339eb,2023-02-02,Marvel Digital Comics — Fantastic Four (1961) #52,This release features VeVe-Exclusive Rare and Ultra Rare covers by Trevor Von Eeden and Israel Silva.,"5 February, 2023 8 AM PT",20.00,,"10,000",,,,Marvel,,,,5,1966,,"{""First Available Public Edition"": ""#186""}"
https://medium.com/veve-collectibles/disney-digital-comics-walt-disneys-uncle-scrooge-back-to-the-klondike-1953-6e591ae0d87d,2023-02-02,Disney Digital Comics — Walt Disney’s Uncle Scrooge: Back to the Klondike (1953),Heart Variant,"3 February 2023, 8 AM PT",10.00,,"10,000",,,,Disney,,,,5,1953,,"{""First Available Public Edition"": ""#186""}"
https://medium.com/veve-collectibles/marvel-artworks-ryan-stegman-venom-1-a8aa728fcb59,2023-02-04,Marvel Artworks: Ryan Stegman — Venom #1,The cover to issue 1 of the Blockbuster Venom series by Donny Cates and Ryan Stegman!,,,1,,Artist Proof,Artist Proof,,Marvel,Marvel Artworks,Ryan Stegman — Venom #1,,,,Globally,"{""Auction Dates"": ""Feb, 6 Feb 12 PM PT — Fri, 10 Feb 12 PM PT"", ""Starting Bid"": ""1,500"", ""Entry Fee"": ""0""}"
https://medium.com/veve-collectibles/marvel-digital-comics-devil-dinosaur-1978-1-ecb78082798f,2023-02-08,Marvel Digital Comics — Devil Dinosaur (1978) #1,This release features VeVe-Exclusive Rare and Ultra Rare covers by Ben Su.,"9 February, 2023 8 AM PT",6.99,,"10,000",,,,Marvel,,,,5,1978,,"{""First Available Public Edition"": ""#186""}"
https://medium.com/veve-collectibles/disney-pixar-cars-concept-art-series-1-15e6a72571e,2023-02-09,Disney PIXAR — Cars Concept Art Series 1,"Friends to the finish line, Mater and McQueen.","10 February, 2023 at 8 AM PT",30.00,"1,455",,Common,First Edition,,Disney,Disney Pixar Cars Collection,Cars Concept Art Series 1,,,,Globally,"{""First Available Public Edition"": ""#41""}"
https://medium.com/veve-collectibles/disney-pixar-cars-concept-art-series-1-15e6a72571e,2023-02-09,Disney PIXAR — Cars Concept Art Series 1,Paris in the springtime…with Lightning McQueen in the lead.,"10 February, 2023 at 8 AM PT",30.00,955,,Uncommon,First Edition,,Disney,Disney Pixar Cars Collection,Cars Concept Art Series 1,,,,Globally,"{""First Available Public Edition"": ""#41""}"
https://medium.com/veve-collectibles/disney-pixar-cars-concept-art-series-1-15e6a72571e,2023-02-09,Disney PIXAR — Cars Concept Art Series 1,"Lightning McQueen’s mentor, Doc Hudson, shows them how it’s done.","10 February, 2023 at 8 AM PT",30.00,555,,Ultra Rare,First Edition,,Disney,Disney Pixar Cars Collection,Cars Concept Art Series 1,,,,Globally,"{""First Available Public Edition"": ""#41""}"
https://medium.com/veve-collectibles/disney-pixar-cars-concept-art-series-1-15e6a72571e,2023-02-09,Disney PIXAR — Cars Concept Art Series 1,Speed along the beach with Cruz Ramirez and Lightning McQueen.,"10 February, 2023 at 8 AM PT",30.00,555,,Ultra Rare,First Edition,,Disney,Disney Pixar Cars Collection,Cars Concept Art Series 1,,,,Globally,"{""First Available Public Edition"": ""#41""}"
https://medium.com/veve-collectibles/disney-pixar-cars-concept-art-series-1-15e6a72571e,2023-02-09,Disney PIXAR — Cars Concept Art Series 1,Gearing down on another beautiful day in Radiator Springs.,"10 February, 2023 at 8 AM PT",30.00,355,,Secret Rare,First Edition,,Disney,Disney Pixar Cars Collection,Cars Concept Art Series 1,,,,Globally,"{""First Available Public Edition"": ""#41""}"
https://medium.com/veve-collectibles/dreamworks-voltron-legendary-defender-s2-b5bc1fa27526,2023-02-12,DreamWorks Voltron: Legendary Defender S2,Shiro — Black Lion,"12 February, 2023 8 AM PT",30.00,"1,222",,Common,First Appearance,,DreamWorks,DreamWorks’ Voltron: Legendary Defender,The Five Lions and Pilots of Voltron,,,,Globally,"{""First Available Public Edition"": ""#41""}"
https://medium.com/veve-collectibles/dreamworks-voltron-legendary-defender-s2-b5bc1fa27526,2023-02-12,DreamWorks Voltron: Legendary Defender S2,Lance — Blue Lion,"12 February, 2023 8 AM PT",30.00,"1,111",,Uncommon,First Appearance,,DreamWorks,DreamWorks’ Voltron: Legendary Defender,The Five Lions and Pilots of Voltron,,,,Globally,"{""First Available Public Edition"": ""#41""}"
https://medium.com/veve-collectibles/dreamworks-voltron-legendary-defender-s2-b5bc1fa27526,2023-02-12,DreamWorks Voltron: Legendary Defender S2,Pidge — Green Lion,"12 February, 2023 8 AM PT",30.00,999,,Rare,First Appearance,,DreamWorks,DreamWorks’ Voltron: Legendary Defender,The Five Lions and Pilots of Voltron,,,,Globally,"{""First Available Public Edition"": ""#41""}"
https://medium.com/veve-collectibles/dreamworks-voltron-legendary-defender-s2-b5bc1fa27526,2023-02-12,DreamWorks Voltron: Legendary Defender S2,Keith — Red Lion,"12 February, 2023 8 AM PT",30.00,888,,Ultra Rare,First Appearance,,DreamWorks,DreamWorks’ Voltron: Legendary Defender,The Five Lions and Pilots of Voltron,,,,Globally,"{""First Available Public Edition"": ""#41""}"
https://medium.com/veve-collectibles/dreamworks-voltron-legendary-defender-s2-b5bc1fa27526,2023-02-12,DreamWorks Voltron: Legendary Defender S2,Hunk — Yellow Lion,"12 February, 2023 8 AM PT",30.00,777,,Secret Rare,First Appearance,,DreamWorks,DreamWorks’ Voltron: Legendary Defender,The Five Lions and Pilots of Voltron,,,,Globally,"{""First Available Public Edition"": ""#41""}"
https://medium.com/veve-collectibles/marvel-digital-comics-x-men-1991-30-5c4ca964775d,2023-02-12,Marvel Digital Comics — X-Men (1991) #30,This release features VeVe-Exclusive Rare and Ultra Rare covers by David Lopez.,"14 February, 2023 8 AM PT",6.99,,"10,000",,,,Marvel,,,,5,1994,,"{""First Available Public Edition"": ""#186""}"
https://medium.com/veve-collectibles/marvel-digital-comics-black-panther-2009-5-24c1d31212e6,2023-02-14,Marvel Digital Comics — Black Panther (2009) #5,This release features VeVe-Exclusive Rare and Ultra Rare covers by Romina Jones.,"16 February, 2023 8 AM PT",6.99,,"10,000",,,,Marvel,,,,5,2009,,"{""First Available Public Edition"": ""#186""}"
https://medium.com/veve-collectibles/chucky-bloody-valentine-d7021d76901e,2023-02-15,Chucky: Bloody Valentine,Chucky,"Thursday, 16 February at 12 PM PT",50.00,"2,666",,Ultra Rare,First Appearance (Tiffany),,Universal Games and Digital Platforms,Chucky,Chucky: Bloody Valentine,,,,,"{""First Available Public Edition"": ""#41""}"
https://medium.com/veve-collectibles/disney-princess-pop-up-card-series-14c8fec06ed5,2023-02-15,Disney Princess Pop-Up Card Series,Belle,"Friday, 17 February 8 AM PT",40.00,"1,991",,Uncommon,First Edition,,Disney,Disney Princess Paper Art Collection,Disney Princess Pop-Up Card Series,,,,,"{""First Available Public Edition"": ""#41""}"
https://medium.com/veve-collectibles/disney-princess-pop-up-card-series-14c8fec06ed5,2023-02-15,Disney Princess Pop-Up Card Series,Mulan,"Friday, 17 February 8 AM PT",40.00,"1,412",,Rare,First Edition,,Disney,Disney Princess Paper Art Collection,Disney Princess Pop-Up Card Series,,,,,"{""First Available Public Edition"": ""#41""}"
https://medium.com/veve-collectibles/disney-princess-pop-up-card-series-14c8fec06ed5,2023-02-15,Disney Princess Pop-Up Card Series,Tiana,"Friday, 17 February 8 AM PT",40.00,"1,225",,Ultra Rare,First Edition,,Disney,Disney Princess Paper Art Collection,Disney Princess Pop-Up Card Series,,,,,"{""First Available Public Edition"": ""#41""}"
https://medium.com/veve-collectibles/disney-princess-pop-up-card-series-14c8fec06ed5,2023-02-15,Disney Princess Pop-Up Card Series,Aurora,"Friday, 17 February 8 AM PT",40.00,"1,059",,Secret Rare,First Edition,,Disney,Disney Princess Paper Art Collection,Disney Princess Pop-Up Card Series,,,,,"{""First Available Public Edition"": ""#41""}"
https://medium.com/veve-collectibles/automobili-lamborghini-hurac%C3%A1n-sto-1639742ac122,2023-02-17,Automobili Lamborghini — Huracán STO,Huracán STO — Bianco Asopo/Blu Le Mans,"Sunday, 19 February 8 AM PT",70.00,"2,950",,Uncommon,First Edition,,Automobili Lamborghini,Lamborghini Huracán,Lamborghini Huracán STO,,,,,"{""First Available Public Edition"": ""#41""}"
https://medium.com/veve-collectibles/automobili-lamborghini-hurac%C3%A1n-sto-1639742ac122,2023-02-17,Automobili Lamborghini — Huracán STO,Huracán STO — Grigio Titans/Giallo Belenus,"Sunday, 19 February 8 AM PT",70.00,"2,014",,Rare,First Edition,,Automobili Lamborghini,Lamborghini Huracán,Lamborghini Huracán STO,,,,,"{""First Available Public Edition"": ""#41""}"
https://medium.com/veve-collectibles/automobili-lamborghini-hurac%C3%A1n-sto-1639742ac122,2023-02-17,Automobili Lamborghini — Huracán STO,Huracán STO — Rosso Epona/Grigio Adamas,"Sunday, 19 February 8 AM PT",70.00,"1,000",,Ultra Rare,First Edition,,Automobili Lamborghini,Lamborghini Huracán,Lamborghini Huracán STO,,,,,"{""First Available Public Edition"": ""#41""}"
https://medium.com/veve-collectibles/automobili-lamborghini-hurac%C3%A1n-sto-1639742ac122,2023-02-17,Automobili Lamborghini — Huracán STO,Huracán STO — Verde Citrea/Arancio DAC,"Sunday, 19 February 8 AM PT",70.00,640,,Secret Rare,First Edition,,Automobili Lamborghini,Lamborghini Huracán,Lamborghini Huracán STO,,,,,"{""First Available Public Edition"": ""#41""}"
https://medium.com/veve-collectibles/marvel-digital-comics-marvel-premiere-47-2941cae1e073,2023-02-17,Marvel Digital Comics — Marvel Premiere #47,"This release features VeVe-Exclusive Rare and Ultra Rare covers by Sergio Davila, Sean Parsons and Arif Prianto.","20 February, 2023 8 AM PT",6.99,,"10,000",,,,Marvel,,,,5,1979,,"{""First Available Public Edition"": ""#186""}"
https://medium.com/veve-collectibles/marvel-artworks-russell-dauterman-x-men-1-912e43283cff,2023-02-18,Marvel Artworks: Russell Dauterman — X-Men #1,Russell Dauterman — X-Men #1,,,1,,Artist Proof,Artist Proof,,Marvel,Marvel Artworks,Russell Dauterman — X-Men #1,,,,Globally,"{""Auction Dates"": ""Mon, 20 Feb 12 PM PT — Fri, 24 Feb 12 PM PT"", ""Starting Bid"": ""1,500"", ""Entry Fee"": ""0""}"
https://medium.com/veve-collectibles/marvel-studios-ant-man-and-the-wasp-quantumania-mightys-db00bb21b4b4,2023-02-19,Marvel Studios’ Ant-Man and The Wasp: Quantumania Mightys,Scott Lang/Ant-Man,"21 February 2023, 8 AM PT",13.00,"4,200",,Common,First Appearance,,Marvel,Marvel Mightys,Marvel Studios’ Ant-Man and The Wasp: Quantumania Mightys,,,,Globally,"{""First Available Public Edition"": ""#41""}"
https://medium.com/veve-collectibles/marvel-studios-ant-man-and-the-wasp-quantumania-mightys-db00bb21b4b4,2023-02-19,Marvel Studios’ Ant-Man and The Wasp: Quantumania Mightys,Hope Van Dyne/Wasp,"21 February 2023, 8 AM PT",13.00,"4,200",,Uncommon,First Appearance,,Marvel,Marvel Mightys,Marvel Studios’ Ant-Man and The Wasp: Quantumania Mightys,,,,Globally,"{""First Available Public Edition"": ""#41""}"
https://medium.com/veve-collectibles/marvel-studios-ant-man-and-the-wasp-quantumania-mightys-db00bb21b4b4,2023-02-19,Marvel Studios’ Ant-Man and The Wasp: Quantumania Mightys,Cassie,"21 February 2023, 8 AM PT",13.00,"3,200",,Rare,First Appearance,,Marvel,Marvel Mightys,Marvel Studios’ Ant-Man and The Wasp: Quantumania Mightys,,,,Globally,"{""First Available Public Edition"": ""#41""}"
https://medium.com/veve-collectibles/marvel-studios-ant-man-and-the-wasp-quantumania-mightys-db00bb21b4b4,2023-02-19,Marvel Studios’ Ant-Man and The Wasp: Quantumania Mightys,Hank Pym,"21 February 2023, 8 AM PT",13.00,"3,200",,Ultra Rare,First Appearance,,Marvel,Marvel Mightys,Marvel Studios’ Ant-Man and The Wasp: Quantumania Mightys,,,,Globally,"{""First Available Public Edition"": ""#41""}"
https://medium.com/veve-collectibles/marvel-studios-ant-man-and-the-wasp-quantumania-mightys-db00bb21b4b4,2023-02-19,Marvel Studios’ Ant-Man and The Wasp: Quantumania Mightys,Janet Van Dyne,"21 February 2023, 8 AM PT",13.00,"2,500",,Ultra Rare,First Appearance,,Marvel,Marvel Mightys,Marvel Studios’ Ant-Man and The Wasp: Quantumania Mightys,,,,Globally,"{""First Available Public Edition"": ""#41""}"
https://medium.com/veve-collectibles/marvel-studios-ant-man-and-the-wasp-quantumania-mightys-db00bb21b4b4,2023-02-19,Marvel Studios’ Ant-Man and The Wasp: Quantumania Mightys,Airdrop,,,,,,First Appearance,,Marvel,Marvel Mightys,Marvel Studios’ Ant-Man and The Wasp: Quantumania Mightys,,,,Globally,"{""First Available Public Edition"": ""#41""}"
https://medium.com/veve-collectibles/marvel-digital-comics-tales-of-suspense-94-ac9e13698fb0,2023-02-21,Marvel Digital Comics — Tales of Suspense #94,This release features VeVe-Exclusive Rare and Ultra Rare covers by Todd Nauck and Rachelle Rosenberg.,"23 February, 2023 8 AM PT",6.99,,"10,000",,,,Marvel,,,,5,1967,,"{""First Available Public Edition"": ""#186""}"
https://medium.com/veve-collectibles/disney-encanto-character-series-2d0bc1b8329e,2023-02-24,Disney Encanto Character Series,Mirabel Madrigal,"24 February, 2023 at 8 AM PT",50.00,"2,021",,Uncommon,First Appearance,,Disney,Disney Encanto Collection,Disney Encanto Character Series,,,,Globally,"{""First Available Edition for Public Sale"": ""#41""}"
https://medium.com/veve-collectibles/disney-encanto-character-series-2d0bc1b8329e,2023-02-24,Disney Encanto Character Series,Luisa Madrigal,"24 February, 2023 at 8 AM PT",50.00,"1,888",,Rare,First Appearance,,Disney,Disney Encanto Collection,Disney Encanto Character Series,,,,Globally,"{""First Available Edition for Public Sale"": ""#41""}"
https://medium.com/veve-collectibles/disney-encanto-character-series-2d0bc1b8329e,2023-02-24,Disney Encanto Character Series,Bruno Madrigal,"24 February, 2023 at 8 AM PT",50.00,"1,555",,Ultra Rare,First Appearance,,Disney,Disney Encanto Collection,Disney Encanto Character Series,,,,Globally,"{""First Available Edition for Public Sale"": ""#41""}"
https://medium.com/veve-collectibles/star-wars-a-new-hope-poster-series-9990bf60f041,2023-02-24,Star Wars™ A New Hope Poster Series,Star Wars Posters Collection,,,,,,,,,,,,,,,"{""Star Wars"": ""A New Hope Poster Series"", ""The 1977 groundbreaking film Star Wars"": ""Episode IV A New Hope changed cinema as we know it and also changed the way in which films are promoted through a wide variety of iconic and rarely seen posters that celebrate heroes, villains, and epic battle scenes.""}"
https://medium.com/veve-collectibles/star-wars-a-new-hope-poster-series-9990bf60f041,2023-02-24,Star Wars™ A New Hope Poster Series,Blind Boxes,"25 February, 8 AM PT",30.00,"1,277",,Uncommon,,,Star Wars,Star Wars Posters Collection,Star Wars: A New Hope Poster Series,,,,,"{""First Available Edition for Public Sale"": ""#41""}"
https://medium.com/veve-collectibles/star-wars-a-new-hope-poster-series-9990bf60f041,2023-02-24,Star Wars™ A New Hope Poster Series,Blind Boxes,"25 February, 8 AM PT",30.00,"1,077",,Rare,,,Star Wars,Star Wars Posters Collection,Star Wars: A New Hope Poster Series,,,,,"{""First Available Edition for Public Sale"": ""#41""}"
https://medium.com/veve-collectibles/star-wars-a-new-hope-poster-series-9990bf60f041,2023-02-24,Star Wars™ A New Hope Poster Series,Blind Boxes,"25 February, 8 AM PT",30.00,777,,Ultra Rare,,,Star Wars,Star Wars Posters Collection,Star Wars: A New Hope Poster Series,,,,,"{""First Available Edition for Public Sale"": ""#41""}"
https://medium.com/veve-collectibles/star-wars-a-new-hope-poster-series-9990bf60f041,2023-02-24,Star Wars™ A New Hope Poster Series,Blind Boxes,"25 February, 8 AM PT",30.00,777,,Ultra Rare,,,Star Wars,Star Wars Posters Collection,Star Wars: A New Hope Poster Series,,,,,"{""First Available Edition for Public Sale"": ""#41""}"
https://medium.com/veve-collectibles/star-wars-a-new-hope-poster-series-9990bf60f041,2023-02-24,Star Wars™ A New Hope Poster Series,Blind Boxes,"25 February, 8 AM PT",30.00,525,,Secret Rare,,,Star Wars,Star Wars Posters Collection,Star Wars: A New Hope Poster Series,,,,,"{""First Available Edition for Public Sale"": ""#41""}"
https://medium.com/veve-collectibles/frank-kozik-labbiter-xk-5-mechas-ca5ba372bad6,2023-02-24,Frank Kozik — Labbiter XK-5 Mechas,"The first and most versatile Mecha, the Original’s initial success led to the creation of all subsequent Labbiters.","26 February, 2023 8 AM PT",25.00,"1,111",,Common,First Edition,,Frank Kozik,Labbiter XK-5 Mechas,Labbiter XK-5 Mechas S1,,,,,"{""First Available Edition for Public Sale"": ""#41""}"
https://medium.com/veve-collectibles/frank-kozik-labbiter-xk-5-mechas-ca5ba372bad6,2023-02-24,Frank Kozik — Labbiter XK-5 Mechas,Lazinger,"26 February, 2023 8 AM PT",25.00,999,,Uncommon,First Edition,,Frank Kozik,Labbiter XK-5 Mechas,Labbiter XK-5 Mechas S1,,,,,"{""Specialty"": ""Laser Eye Beams. Grumpy Space Monsters stand no chance!"", ""First Available Edition for Public Sale"": ""#41""}"
https://medium.com/veve-collectibles/frank-kozik-labbiter-xk-5-mechas-ca5ba372bad6,2023-02-24,Frank Kozik — Labbiter XK-5 Mechas,Caiman,"26 February, 2023 8 AM PT",25.00,888,,Rare,First Edition,,Frank Kozik,Labbiter XK-5 Mechas,Labbiter XK-5 Mechas S1,,,,,"{""First Available Edition for Public Sale"": ""#41""}"
https://medium.com/veve-collectibles/frank-kozik-labbiter-xk-5-mechas-ca5ba372bad6,2023-02-24,Frank Kozik — Labbiter XK-5 Mechas,Wasp,"26 February, 2023 8 AM PT",25.00,777,,Ultra Rare,First Edition,,Frank Kozik,Labbiter XK-5 Mechas,Labbiter XK-5 Mechas S1,,,,,"{""First Available Edition for Public Sale"": ""#41""}"
https://medium.com/veve-collectibles/frank-kozik-labbiter-xk-5-mechas-ca5ba372bad6,2023-02-24,Frank Kozik — Labbiter XK-5 Mechas,VeVe,,,,,Secret Rare,First Edition,,Frank Kozik,Labbiter XK-5 Mechas,Labbiter XK-5 Mechas S1,,,,,"{""First Available Public Edition"": ""#41""}"
https://medium.com/veve-collectibles/marvel-artworks-marco-checchetto-spider-man-3-51639ca8c1f6,2023-02-25,Marvel Artworks: Marco Checchetto — Spider-Man #3,"Pencil, ink and colors by Marco Checchetto",,,1,,Artist Proof,Artist Proof,,Marvel,Marvel Artworks,Marco Checchetto — Spider-Man #3,,,,Globally,"{""Auction Dates"": ""Mon, 27 Feb 12 PM PT — Fri, 3 Mar 12 PM PT"", ""Starting Bid"": ""1,500"", ""Entry Fee"": ""0""}"
https://medium.com/veve-collectibles/marvel-digital-comics-giant-size-x-men-1-828aa95d1700,2023-02-26,Marvel Digital Comics — Giant Size X-Men #1,This release features VeVe-Exclusive Rare and Ultra Rare covers by Nicoletta Baldari.,"28 February, 2023 8 AM PT",10.00,,"7,500",,,,Marvel,,,,5,1975,,"{""First Available Edition for Public Sale"": ""#176""}"
https://medium.com/veve-collectibles/star-wars-digital-comics-star-wars-villains-darth-maul-1-e769140113a,2023-03-01,Star Wars™ Digital Comics — Star Wars Villains: Darth Maul #1,"The next Star Wars digital comic drops with five cover rarities in blind box format on Friday, 3 March, only on VeVe!","Friday, 3 March, 2023 8 AM PT",6.99,,"10,000",,,,Star Wars,,,,5,2017,,"{""First Available Edition for Public Sale"": ""#186""}"
https://medium.com/veve-collectibles/dreamworks-trollhunters-5f12d8683da9,2023-03-02,DreamWorks Trollhunters,Bular,"4 March, 2023 8 AM PT",20.00,"1,222",,Common,First Appearance,,DreamWorks,DreamWorks Trollhunters,Trollhunters S1,,,,Globally,"{""First Available Edition for Public Sale"": ""#41""}"
https://medium.com/veve-collectibles/dreamworks-trollhunters-5f12d8683da9,2023-03-02,DreamWorks Trollhunters,Draal,"4 March, 2023 8 AM PT",20.00,"1,111",,Uncommon,First Appearance,,DreamWorks,DreamWorks Trollhunters,Trollhunters S1,,,,Globally,"{""First Available Edition for Public Sale"": ""#41""}"
https://medium.com/veve-collectibles/dreamworks-trollhunters-5f12d8683da9,2023-03-02,DreamWorks Trollhunters,"Jim Lake, Jr.","4 March, 2023 8 AM PT",20.00,999,,Rare,First Appearance,,DreamWorks,DreamWorks Trollhunters,Trollhunters S1,,,,Globally,"{""First Available Edition for Public Sale"": ""#41""}"
https://medium.com/veve-collectibles/dreamworks-trollhunters-5f12d8683da9,2023-03-02,DreamWorks Trollhunters,"Blinky sees potential in Jim even when almost no one else does, and he will do anything to help him succeed.","4 March, 2023 8 AM PT",20.00,888,,Ultra Rare,First Appearance,,DreamWorks,DreamWorks Trollhunters,Trollhunters S1,,,,Globally,"{""First Available Edition for Public Sale"": ""#41""}"
https://medium.com/veve-collectibles/dreamworks-trollhunters-5f12d8683da9,2023-03-02,DreamWorks Trollhunters,AAARRRGGHH!!!,"4 March, 2023 8 AM PT",20.00,777,,Secret Rare,First Appearance,,DreamWorks,DreamWorks Trollhunters,Trollhunters S1,,,,Globally,"{""First Available Edition for Public Sale"": ""#41""}"
https://medium.com/veve-collectibles/marvel-digital-comics-uncanny-x-men-101-e732bae5ca68,2023-03-07,Marvel Digital Comics — Uncanny X-Men #101,This release features VeVe-Exclusive Rare and Ultra Rare covers by Nicoletta Baldari.,"9 March 2023, 8 AM PT",10.00,,"10,000",,,,Marvel,,,,5,1976,,"{""First Available Public Edition"": ""#186""}"
https://medium.com/veve-collectibles/disney-pixar-finding-nemo-concept-art-series-1-c791f13fe16e,2023-03-08,Disney Pixar — Finding Nemo Concept Art Series 1,Nemo stays safe and protected in a field of coral.,"10 March, 2023 at 8 AM PT",30.00,"1,455",,Common,First Edition,,Disney,Disney Pixar Finding Nemo Collection,Finding Nemo Concept Art Series 1,,,,Globally,"{""First Available Edition for Public Sale"": ""#41""}"
https://medium.com/veve-collectibles/disney-pixar-finding-nemo-concept-art-series-1-c791f13fe16e,2023-03-08,Disney Pixar — Finding Nemo Concept Art Series 1,"Marlin holds on tight to his new friend. Crush, as they surf the EAC!","10 March, 2023 at 8 AM PT",30.00,955,,Uncommon,First Edition,,Disney,Disney Pixar Finding Nemo Collection,Finding Nemo Concept Art Series 1,,,,Globally,"{""First Available Edition for Public Sale"": ""#41""}"
https://medium.com/veve-collectibles/disney-pixar-finding-nemo-concept-art-series-1-c791f13fe16e,2023-03-08,Disney Pixar — Finding Nemo Concept Art Series 1,Marlin prepares to send his only son off to school.,"10 March, 2023 at 8 AM PT",30.00,555,,Ultra Rare,First Edition,,Disney,Disney Pixar Finding Nemo Collection,Finding Nemo Concept Art Series 1,,,,Globally,"{""First Available Edition for Public Sale"": ""#41""}"
https://medium.com/veve-collectibles/disney-pixar-finding-nemo-concept-art-series-1-c791f13fe16e,2023-03-08,Disney Pixar — Finding Nemo Concept Art Series 1,"Careful, don’t get too close to the edge!","10 March, 2023 at 8 AM PT",30.00,555,,Ultra Rare,First Edition,,Disney,Disney Pixar Finding Nemo Collection,Finding Nemo Concept Art Series 1,,,,Globally,"{""First Available Edition for Public Sale"": ""#41""}"
https://medium.com/veve-collectibles/disney-pixar-finding-nemo-concept-art-series-1-c791f13fe16e,2023-03-08,Disney Pixar — Finding Nemo Concept Art Series 1,Danger lurks ahead as Dory and Marlin find themselves in a cove of jellyfish.,"10 March, 2023 at 8 AM PT",30.00,355,,Secret Rare,First Edition,,Disney,Disney Pixar Finding Nemo Collection,Finding Nemo Concept Art Series 1,,,,Globally,"{""First Available Edition for Public Sale"": ""#41""}"
https://medium.com/veve-collectibles/rambo-takes-aim-animated-5acc5080ed86,2023-03-09,Rambo Takes Aim — Animated,Rambo strikes an iconic pose — reloading and firing his bow and arrow — in a jungle setting.,"11 March 2023, 8 AM PT",60.00,"2,400",,Ultra Rare,First Appearance,,STUDIOCANAL,Rambo,Rambo Takes Aim,,,,Globally,"{""First Available Edition for Public Sale"": ""#41""}"
https://medium.com/veve-collectibles/marvel-howard-the-duck-1f2b616f14cd,2023-03-10,Marvel — Howard the Duck,Howard the Duck — Private Eye,"12 March 2023, 8 AM PT",50.00,"1,973",,Ultra Rare,First Appearance,,Marvel,Howard the Duck,Howard the Duck,,,,Globally,"{""First Available Edition for Public Sale"": ""#41""}"
https://medium.com/veve-collectibles/marvel-howard-the-duck-1f2b616f14cd,2023-03-10,Marvel — Howard the Duck,“WAAUGH!” This must-have digital collectible features Howard the Duck in premium digital format.,"12 March 2023, 8 AM PT",50.00,650,,Secret Rare,First Appearance,,Marvel,Howard the Duck,Howard the Duck,,,,Globally,"{""First Available Edition for Public Sale"": ""#41""}"
https://medium.com/veve-collectibles/marvel-artworks-adi-granov-invincible-iron-man-1-88a72ae6ecfe,2023-03-11,Marvel Artworks: Adi Granov — Invincible Iron Man #1,Adi Granov — Invincible Iron Man #1,,,1,,Artist Proof,Artist Proof,,Marvel,Marvel Artworks,Adi Granov — Invincible Iron Man #1,,,,Globally,"{""Auction Dates"": ""Mon, 13 Mar 12 PM PT — Fri, 17 Mar 12 PM PT"", ""Starting Bid"": ""15,000"", ""Entry Fee"": ""0""}"
https://medium.com/veve-collectibles/marvel-digital-comics-amazing-spider-man-1963-6-e8e120660631,2023-03-12,Marvel Digital Comics — Amazing Spider-Man (1963) #6,"This release features VeVe-Exclusive Rare and Ultra Rare covers by Sergio Davila, Sean Parsons and Israel Silva.","14 March 2023, 8 AM PT",6.99,,"5,000",,,,Marvel,,,,5,1963,,"{""First Available Edition for Public Sale"": ""#158""}"
https://medium.com/veve-collectibles/marvel-digital-comics-uncanny-x-men-28-5f6ec2509fc2,2023-03-14,Marvel Digital Comics — Uncanny X-Men #28,This release features VeVe-Exclusive Rare and Ultra Rare covers by Stephen Mooney.,"16 March 2023, 8 AM PT",6.99,,"5,000",,,,Marvel,,,,5,1967,,"{""First Available Edition for Public Sale"": ""#158""}"
https://medium.com/veve-collectibles/usps-stamp-art-women-support-the-war-effort-10d87de2436e,2023-03-15,USPS — Stamp Art — Women Support The War Effort,Women Support the War Effort,"17 March, 2023 at 8 AM PT",6.00,"5,999",,Rare,First Edition,,USPS,Stamp Art,Women Support the War Effort,,,,Globally,
https://medium.com/veve-collectibles/sesame-street-cookie-monster-7babcf3bd042,2023-03-16,Sesame Street — Cookie Monster,Cookie Monster — Animated,"19 March 2023, 8 AM PT",60.00,"5,555",,Rare,First Appearance,,Sesame Workshop,Sesame Street,Cookie Monster,,,,Globally,"{""First Available Edition for Public Sale"": ""#41""}"
https://medium.com/veve-collectibles/marvel-artworks-mark-brooks-cosmic-ghost-rider-1-c64e6e24459f,2023-03-18,Marvel Artworks: Mark Brooks — Cosmic Ghost Rider #1,Mark Brooks — Cosmic Ghost Rider #1,,,1,,Artist Proof,Artist Proof,,Marvel,Marvel Artworks,Mark Brooks — Cosmic Ghost Rider #1,,,,Globally,"{""Auction Dates"": ""Mon, 20 Mar 12 PM PT — Fri, 24 Mar 12 PM PT"", ""Starting Bid"": ""1,500"", ""Entry Fee"": ""0""}"
https://medium.com/veve-collectibles/marvel-digital-comics-hulk-2008-1-24059373ed4e,2023-03-20,Marvel Digital Comics — Hulk (2008) #1,This release features VeVe-Exclusive Rare and Ultra Rare covers by Salvador Larroca and Edgar Delgado.,"21 March 2023, 8 AM PT",6.99,,"7,500",,,,Marvel,,,,5,2008,,"{""First Available Edition for Public Sale"": ""#176""}"
https://medium.com/veve-collectibles/disney100-platinum-moments-walt-disney-animation-series-1-ccd717d7b49d,2023-03-20,Disney100 Platinum Moments — Walt Disney Animation Series 1,Oh boy! Mickey’s got his shine on — his platinum shine!,"22 March 2023, 8 AM PT",60.00,"4,100",,Uncommon,,,Disney,Disney100 Platinum Moments Collection,Disney100 Platinum Moments Walt Disney Animation Series 1,,,,Globally,"{""First Available Edition for Public Sale"": ""#41""}"
https://medium.com/veve-collectibles/disney100-platinum-moments-walt-disney-animation-series-1-ccd717d7b49d,2023-03-20,Disney100 Platinum Moments — Walt Disney Animation Series 1,It’s showtime! Donald’s in platinum and he’s ready to dazzle.,"22 March 2023, 8 AM PT",60.00,"3,100",,Rare,,,Disney,Disney100 Platinum Moments Collection,Disney100 Platinum Moments Walt Disney Animation Series 1,,,,Globally,"{""First Available Edition for Public Sale"": ""#41""}"
https://medium.com/veve-collectibles/disney100-platinum-moments-walt-disney-animation-series-1-ccd717d7b49d,2023-03-20,Disney100 Platinum Moments — Walt Disney Animation Series 1,"Minnie is dressed to the nines in her platinum finery, topped with her signature red bow!","22 March 2023, 8 AM PT",60.00,"2,100",,Ultra Rare,First Appearance,,Disney,Disney100 Platinum Moments Collection,Disney100 Platinum Moments Walt Disney Animation Series 1,,,,Globally,"{""First Available Edition for Public Sale"": ""#41""}"
https://medium.com/veve-collectibles/disney100-platinum-moments-walt-disney-animation-series-1-ccd717d7b49d,2023-03-20,Disney100 Platinum Moments — Walt Disney Animation Series 1,"Don’t just fly, soar with platinum Dumbo!","22 March 2023, 8 AM PT",60.00,"1,100",,Secret Rare,First Appearance,,Disney,Disney100 Platinum Moments Collection,Disney100 Platinum Moments Walt Disney Animation Series 1,,,,Globally,"{""First Available Edition for Public Sale"": ""#41""}"
https://medium.com/veve-collectibles/marvel-digital-comics-adventure-into-fear-19-44b9920e09b3,2023-03-21,Marvel Digital Comics — Adventure Into Fear #19,This release features VeVe-Exclusive Rare and Ultra Rare covers by Gustavo Duarte.,"23 March 2023, 8 AM PT",6.99,,"7,500",,,,Marvel,,,,5,1974,,"{""First Available Edition for Public Sale"": ""#176""}"
https://medium.com/veve-collectibles/rabbids-series-1-71b20eb28565,2023-03-23,Rabbids — Series 1,The mighty Samurai warriors are among the most revered and feared in all the land… Which Rabbid stole its armor?!,"25 March 2023, 8 AM PT",20.00,"1,006",,Uncommon,First Appearance,#41,Ubisoft,Rabbids,Rabbids — Series 1,,,,Globally,
https://medium.com/veve-collectibles/rabbids-series-1-71b20eb28565,2023-03-23,Rabbids — Series 1,"Rabbids have nearly as many hobbies as they do outfits… But the skaters say they’re the coolest of them all, dude!","25 March 2023, 8 AM PT",20.00,806,,Rare,First Appearance,#41,Ubisoft,Rabbids,Rabbids — Series 1,,,,Globally,
https://medium.com/veve-collectibles/rabbids-series-1-71b20eb28565,2023-03-23,Rabbids — Series 1,"Rabbids love mischief, especially with friends! You get to decide why they’re laughing this time…","25 March 2023, 8 AM PT",20.00,606,,Ultra Rare,First Appearance,#41,Ubisoft,Rabbids,Rabbids — Series 1,,,,Globally,
https://medium.com/veve-collectibles/rabbids-series-1-71b20eb28565,2023-03-23,Rabbids — Series 1,Sports Rabbid,"25 March 2023, 8 AM PT",20.00,406,,Secret Rare,First Appearance,#41,Ubisoft,Rabbids,Rabbids — Series 1,,,,Globally,
https://medium.com/veve-collectibles/marvel-digital-comics-dark-avengers-1-ab167398a8d9,2023-03-26,Marvel Digital Comics — Dark Avengers #1,Dark Avengers #1,"28 March 2023, 8 AM PT",6.99,,"7,500",,,,Marvel,,,,5,2009,,"{""First Available Edition for Public Sale"": ""#176""}"
https://medium.com/veve-collectibles/james-bond-007-60th-anniversary-limited-edition-posters-series-3-417557df2332,2023-03-28,James Bond 007–60th Anniversary Limited-Edition Posters — Series 3,"Featuring artwork by Dan Goozee, Bond and May Day stand back-to-back in this US Insert.","29 March, 2023 at 12 PM PT",40.00,907,,Ultra Rare,First Edition,#41,James Bond,60th Anniversary — Poster,3,,,,Globally,
https://medium.com/veve-collectibles/james-bond-007-60th-anniversary-limited-edition-posters-series-3-417557df2332,2023-03-28,James Bond 007–60th Anniversary Limited-Edition Posters — Series 3,Poster 02 — The Living Daylights (UK Quad),"29 March, 2023 at 12 PM PT",40.00,907,,Ultra Rare,First Edition,#41,James Bond,60th Anniversary — Poster,3,,,,Globally,
https://medium.com/veve-collectibles/james-bond-007-60th-anniversary-limited-edition-posters-series-3-417557df2332,2023-03-28,James Bond 007–60th Anniversary Limited-Edition Posters — Series 3,Poster 03 — Licence To Kill (UK Quad),"29 March, 2023 at 12 PM PT",40.00,907,,Ultra Rare,First Edition,#41,James Bond,60th Anniversary — Poster,3,,,,Globally,
https://medium.com/veve-collectibles/james-bond-007-60th-anniversary-limited-edition-posters-series-3-417557df2332,2023-03-28,James Bond 007–60th Anniversary Limited-Edition Posters — Series 3,Poster 04 — GoldenEye (Japanese One Sheet),"29 March, 2023 at 12 PM PT",40.00,907,,Ultra Rare,First Edition,#41,James Bond,60th Anniversary — Poster,3,,,,Globally,
https://medium.com/veve-collectibles/marvel-hulk-animated-40ef927cf298,2023-03-29,Marvel — Hulk (Animated),Hulk — Animated,"31 March 2023, 8 AM PT",50.00,"4,444",,Common,First Appearance,#41,Marvel,Hulk,Hulk,,,,Globally,
https://medium.com/veve-collectibles/marvel-invisible-invisible-woman-4ab1782fc7d9,2023-03-31,Marvel — Invisible Invisible Woman,Now you see her…?,"April 1st, 2023 - 8 AM PT",5.00,"1,400",,Ultra Rare,,#41,Marvel,Fantastic Four,The Invisible Invisible Woman,,,,Globally,
https://medium.com/veve-collectibles/marvel-artworks-marvel-made-paragon-collection-chris-claremont-lithograph-1-5518d3d79281,2023-04-01,Marvel Artworks: Marvel Made Paragon Collection: Chris Claremont Lithograph #1,Arthur Adams — Marvel Made Paragon Collection: Chris Claremont Lithograph #1,,,1,,Artist Proof,Artist Proof,,Marvel,Marvel Artworks,Arthur Adams — Marvel Made Paragon Collection: Chris Claremont Lithograph #1,,,,Globally,"{""Auction Dates"": ""Mon, 3 Apr 12 PM PT — Fri, 7 Apr 12 PM PT"", ""Starting Bid"": ""1,500"", ""Entry Fee"": ""0""}"
https://medium.com/veve-collectibles/marvel-digital-comics-tales-of-suspense-39-a3dcaf91932c,2023-04-02,Marvel Digital Comics — Tales of Suspense #39,This release features VeVe-Exclusive Rare and Ultra Rare covers by Trevor Von Eeden and Israel Silva.,"4 April 2023, 8 AM PT",20.00,,"10,000",,,,Marvel,,,,5,1963,,"{""First Available Public Edition"": ""#186""}"
https://medium.com/veve-collectibles/pili-fantasy-the-five-dragon-generals-of-upper-sky-c5ea87e7bd21,2023-04-02,Pili Fantasy: The Five Dragon Generals of Upper Sky,Chi Yan Chi Lin,"4 April 2023, 12 PM PT",30.00,"2,288",,Common,First Appearance,#41,Pili International Multimedia,Pili Fantasy,Series 2 — The Five Dragon Generals of Upper Sky,,,,Globally,
https://medium.com/veve-collectibles/pili-fantasy-the-five-dragon-generals-of-upper-sky-c5ea87e7bd21,2023-04-02,Pili Fantasy: The Five Dragon Generals of Upper Sky,Bi Yan Yin Rong,"4 April 2023, 12 PM PT",30.00,"1,888",,Uncommon,First Appearance,#41,Pili International Multimedia,Pili Fantasy,Series 2 — The Five Dragon Generals of Upper Sky,,,,Globally,
https://medium.com/veve-collectibles/pili-fantasy-the-five-dragon-generals-of-upper-sky-c5ea87e7bd21,2023-04-02,Pili Fantasy: The Five Dragon Generals of Upper Sky,Zi Mang Xing Hen,"4 April 2023, 12 PM PT",30.00,"1,688",,Rare,First Appearance,#41,Pili International Multimedia,Pili Fantasy,Series 2 — The Five Dragon Generals of Upper Sky,,,,Globally,
https://medium.com/veve-collectibles/pili-fantasy-the-five-dragon-generals-of-upper-sky-c5ea87e7bd21,2023-04-02,Pili Fantasy: The Five Dragon Generals of Upper Sky,Xie Ying Bai Di,"4 April 2023, 12 PM PT",30.00,"1,288",,Ultra Rare,First Appearance,#41,Pili International Multimedia,Pili Fantasy,Series 2 — The Five Dragon Generals of Upper Sky,,,,Globally,
https://medium.com/veve-collectibles/pili-fantasy-the-five-dragon-generals-of-upper-sky-c5ea87e7bd21,2023-04-02,Pili Fantasy: The Five Dragon Generals of Upper Sky,Tian Zun Huang Yin,"4 April 2023, 12 PM PT",30.00,888,,Secret Rare,First Appearance,#41,Pili International Multimedia,Pili Fantasy,Series 2 — The Five Dragon Generals of Upper Sky,,,,Globally,
https://medium.com/veve-collectibles/disney-digital-comics-walt-disneys-uncle-scrooge-adventures-w-h-a-d-a-l-o-t-t-a-j-a-r-g-o-n-1-da304bab1bfb,2023-04-03,Disney Digital Comics — Walt Disney’s Uncle Scrooge Adventures: W.H.A.D.A.L.O.T.T.A.J.A.R.G.O.N. #1,Charts Variant,"5 April 2023, 8 AM PT",10.00,,"10,000",,,,Disney,,,,5,1997,,"{""First Available Public Edition"": ""#186""}"
https://medium.com/veve-collectibles/marvel-digital-comics-vision-and-the-scarlet-witch-1985-12-f447ef1d10af,2023-04-05,Marvel Digital Comics — Vision and the Scarlet Witch (1985) #12,This release features VeVe-Exclusive Rare and Ultra Rare covers by Mike Vosburg and Rachelle Rosenberg.,"6 April 2023, 8 AM PT",6.99,,"5,000",,,,Marvel,,,,5,1986,,"{""First Available Edition for Public Sale"": ""#158""}"
https://medium.com/veve-collectibles/erb-inc-tarzan-yell-animated-statue-6618435d00dd,2023-04-05,"ERB, Inc. — Tarzan Yell® Animated Statue",Tarzan Yell® Animated Statue,"7 April 2023, 8 AM PT",60.00,"2,400",,Ultra Rare,First Appearance,#41,"Edgar Rice Burroughs, Inc.",Tarzan®,Tarzan Yell® Animated Statue,,,,Globally,
